Player,Player_ID,Team,Injury Description,Body Part,Severity,Incident Date,Year,Games Missed,Games On Injury Report,Surgery,Recovery Timetable
C.J. Anderson,CA-0750,Denver Broncos,meniscus tear,knee,Medium Severity,Week 7,2016,1,1,Arthroscopic Knee Surgery,1-3 weeks
Ben Roethlisberger,BR-1100,Pittsburgh Steelers,meniscus tear,knee,Medium Severity,Week 6,2016,1,2,Meniscectomy,1-3 weeks
Teddy Bridgewater,TB-2650,Minnesota Vikings,ACL tear & knee dislocation,knee,High Severity,Preseason,2016,16,16,Knee Reconstruction Surgery,10-12 months
Adrian Peterson,AP-0700,Minnesota Vikings,meniscus tear,knee,High Severity,Week 2,2016,11,11,Meniscus Repair Surgery,2-3 months
Trevor Siemian,TS-1450,Denver Broncos,labrum tear,shoulder,Medium Severity,Week 17,2016,0,0,Shoulder Surgery,2-3 months
Kellen Davis,KD-0400,New York Jets,thumb ligament tear,thumb,Medium Severity,Preseason,2016,0,0,Thumb Surgery,2-4 weeks
Mark Sanchez,MS-0100,Dallas Cowboys,thumb ligament tear,thumb,Medium Severity,Preseason,2016,0,0,Thumb Surgery,2-4 weeks
Kellen Moore,KM-2560,Dallas Cowboys,ankle fracture,ankle,High Severity,Preseason,2016,16,16,Ankle Surgery,3-4 months
Jaelen Strong,JS-7075,Houston Texans,ankle sprain,ankle,High Severity,Week 8,2016,8,8,Ankle Surgery,3-4 months
Maxx Williams,MW-2450,Baltimore Ravens,knee cartilage tear,knee,High Severity,Week 4,2016,12,12,Arthroscopic Knee Surgery,3-4 months
Rob Gronkowski,RG-2200,New England Patriots,herniated disc,back,High Severity,Week 12,2016,5,5,Back Discectomy,3-4 months
Darren McFadden,DM-1600,Dallas Cowboys,elbow fracture,elbow,High Severity,Preseason,2016,13,13,Elbow Surgery,3-4 months
Marquess Wilson,MW-3250,Chicago Bears,foot fracture,foot,High Severity,Preseason,2016,9,10,Foot Surgery,3-4 months
Marquess Wilson,MW-3250,Chicago Bears,foot fracture,foot,High Severity,Week 14,2016,3,3,Foot Surgery,3-4 months
Zach Miller,ZM-0250,Chicago Bears,foot fracture,foot,High Severity,Week 11,2016,6,6,Foot Surgery,3-4 months
Ryan Mathews,RM-1200,Philadelphia Eagles,herniated disc,back,High Severity,Week 16,2016,1,1,Neck Surgery,3-4 months
Josh Hill,JH-4070,New Orleans Saints,ankle fracture,ankle,High Severity,Week 13,2016,4,4,Ankle Surgery,3-5 months
Tyler Eifert,TE-0300,Cincinnati Bengals,ankle ligament tear,ankle,High Severity,Preseason,2016,4,4,Ankle Surgery,3-5 months
Ameer Abdullah,AA-0025,Detroit Lions,foot sprain,foot,High Severity,Week 2,2016,14,14,Lisfranc Foot Surgery,3-5 months
Devin Fuller,DF-2150,Atlanta Falcons,shoulder sprain,shoulder,High Severity,Preseason,2016,16,16,Shoulder Surgery,3-5 months
Javontee Herndon,JH-3450,San Diego Chargers,knee sprain,knee,High Severity,Preseason,2016,16,16,Arthroscopic Knee Surgery,3-6 months
Cooper Helfet,CH-2350,,foot fracture,foot,High Severity,Preseason,2016,16,16,Foot Surgery,3-6 months
Steve Johnson,SJ-0600,San Diego Chargers,meniscus tear,knee,High Severity,Preseason,2016,16,16,Meniscus Repair Surgery,3-6 months
Gary Barnidge,GB-0200,Cleveland Browns,sports hernia,groin,Medium Severity,Preseason,2016,0,0,Sports Hernia Surgery,3-6 weeks
Marcus Mariota,MM-0912,Tennessee Titans,ankle fracture,ankle,High Severity,Week 15,2016,2,2,Ankle Surgery,4-6 months
Tyler Lockett,TL-1025,Seattle Seahawks,tibia & fibula fractures,tibia,High Severity,Week 16,2016,1,1,Compound Leg Fracture Surgery,4-6 months
Kevin White,KW-0887,Chicago Bears,fibula fracture & ankle sprain,fibula,High Severity,Week 4,2016,12,12,Fibula Surgery,4-6 months
Charles Sims,CS-1950,Tampa Bay Buccaneers,labrum tear,shoulder,Medium Severity,Week 16,2016,1,1,Labrum Repair Surgery,4-6 months
Breshad Perriman,BP-0450,Baltimore Ravens,ACL tear partial,knee,Medium Severity,Preseason,2016,0,0,Arthroscopic Knee Surgery,4-6 weeks
James Hanna,JH-0860,Dallas Cowboys,knee sprain,knee,Medium Severity,Preseason,2016,8,8,Arthroscopic Knee Surgery,4-6 weeks
Louis Murphy,LM-1800,Tampa Bay Buccaneers,knee sprain,knee,Medium Severity,Preseason,2016,5,5,Arthroscopic Knee Surgery,4-6 weeks
Luke Willson,LW-1450,Seattle Seahawks,knee sprain,knee,Medium Severity,Week 6,2016,5,5,Arthroscopic Knee Surgery,4-6 weeks
Reggie Diggs,RD-9901,Washington Redskins,knee sprain,knee,High Severity,Preseason,2016,16,16,Arthroscopic Knee Surgery,4-6 weeks
Trent Richardson,TR-0350,,knee strain,knee,Medium Severity,Preseason,2016,0,0,Arthroscopic Knee Surgery,4-6 weeks
Jeff Janis,JJ-0775,Green Bay Packers,finger fracture,finger,Medium Severity,Preseason,2016,0,1,Finger Surgery,4-6 weeks
James Starks,JS-6200,Green Bay Packers,meniscus tear,knee,Medium Severity,Week 5,2016,4,5,Meniscus Repair Surgery,4-6 weeks
Corey Fuller,CF-1500,Detroit Lions,foot sprain,foot,Medium Severity,Preseason,2016,6,6,Foot Surgery,6-10 weeks
Eric Decker,ED-0200,New York Jets,hip flexor tear,hip,High Severity,Week 3,2016,0,0,Hip Surgery,6-8 months
Danny Amendola,DA-0900,New England Patriots,ankle bone spurs,ankle,Medium Severity,Preseason,2016,0,0,Arthroscopic Ankle Surgery,6-8 weeks
Matt Forte,MF-1300,New York Jets,meniscus tear,knee,Medium Severity,Week 14,2016,2,3,Arthroscopic Knee Surgery,6-8 weeks
Virgil Green,VG-0300,Denver Broncos,finger ligament tear,finger,Low Severity,Preseason,2016,0,0,Finger Surgery,6-8 weeks
Jared Cook,JC-4300,Green Bay Packers,foot sprain,foot,Medium Severity,Preseason,2016,0,0,Foot Surgery,6-8 weeks
Brian Hoyer,BH-1900,Chicago Bears,forearm fracture,forearm,High Severity,Week 7,2016,9,9,Forearm Surgery,6-8 weeks
Tanner McEvoy,TM-1787,Seattle Seahawks,toe strain,toe,Medium Severity,Week 11,2016,0,1,Toe Bone Removal Surgery,6-8 weeks
Demetri Goodson,DG-1600,Green Bay Packers,ACL tear,knee,High Severity,Week 11,2016,5,5,ACL Reconstruction Surgery,6-9 months
Clayton Geathers,CG-0750,Indianapolis Colts,herniated disc,back,High Severity,Week 12,2016,2,2,Back Discectomy,6-9 months
Vincent Jackson,VJ-0100,Tampa Bay Buccaneers,ACL tear,knee,High Severity,Week 5,2016,11,11,Knee Reconstruction Surgery,6-9 months
Jude Adjei-Barimah,JA-0350,Tampa Bay Buccaneers,patellar fracture,knee,High Severity,Week 6,2016,10,10,Knee Reconstruction Surgery,6-9 months
Markus Wheaton,MW-1250,Pittsburgh Steelers,shoulder strain,shoulder,High Severity,Week 5,2016,10,10,Labrum Repair Surgery,6-9 months
Jay Cutler,JC-6200,Chicago Bears,labrum tear,shoulder,High Severity,Week 11,2016,6,6,Shoulder Surgery,6-9 months
Eddie Lacy,EL-0010,Green Bay Packers,ankle sprain,ankle,High Severity,Week 5,2016,11,11,Ankle Surgery,6-9 weeks
Eric Decker,ED-0200,New York Jets,rotator cuff partial tear,shoulder,High Severity,Week 3,2016,13,13,Rotator Cuff Surgery,8-10 months
Dion Lewis,DL-1700,New England Patriots,knee sprain,knee,High Severity,Preseason,2016,9,9,ACL Revision Surgery,8-10 weeks
Chris Gragg,CG-1650,Buffalo Bills,ACL tear,knee,High Severity,Preseason,2016,16,16,ACL Reconstruction Surgery,8-12 months
Matt LaCosse,ML-0050,New York Giants,knee sprain,knee,High Severity,Preseason,2016,16,16,Arthroscopic Knee Surgery,8-12 weeks
Jamaal Charles,JC-2300,Kansas City Chiefs,meniscus tear,knee,High Severity,Week 7,2016,10,10,Arthroscopic Knee Surgery,8-12 weeks
Sammy Watkins,SW-0450,Buffalo Bills,foot soreness,foot,High Severity,Week 2,2016,8,16,Foot Surgery,8-12 weeks
Ben Koyack,BK-1050,Jacksonville Jaguars,meniscus tear,knee,Medium Severity,Week 2,2016,2,2,Meniscus Repair Surgery,8-12 weeks
Chris Johnson,CJ-1700,Arizona Cardinals,sports hernia,groin,High Severity,Week 4,2016,12,12,Sports Hernia Surgery,8-12 weeks
Kolby Listenbee,KL-1075,Buffalo Bills,sports hernia,groin,Medium Severity,Preseason,2016,6,6,Sports Hernia Surgery,8-12 weeks
Jacoby Brissett,JB-5725,New England Patriots,thumb ligament tear,thumb,High Severity,Week 3,2016,8,9,Thumb Surgery,8-12 weeks
Ben Watson,BW-0700,Baltimore Ravens,Achilles tendon tear,achilles,High Severity,Preseason,2016,16,16,Achilles Tendon Repair Surgery,9-12 months
Branden Oliver,BO-0150,San Diego Chargers,Achilles tendon tear,achilles,High Severity,Preseason,2016,16,16,Achilles Tendon Repair Surgery,9-12 months
Jeff Cumberland,JC-5900,,Achilles tendon tear,achilles,High Severity,Preseason,2016,16,16,Achilles Tendon Repair Surgery,9-12 months
Ben Edwards,BE-0150,New York Giants,ACL tear,knee,High Severity,Preseason,2016,16,16,Knee Reconstruction Surgery,9-12 months
Danny Woodhead,DW-4300,San Diego Chargers,ACL tear,knee,High Severity,Week 2,2016,14,14,Knee Reconstruction Surgery,9-12 months
Eric Rogers,ER-0468,San Francisco 49Ers,ACL tear,knee,High Severity,Preseason,2016,16,16,Knee Reconstruction Surgery,9-12 months
Jaron Brown,JB-6750,Arizona Cardinals,ACL tear,knee,High Severity,Week 7,2016,9,9,Knee Reconstruction Surgery,9-12 months
Keenan Allen,KA-0650,San Diego Chargers,ACL tear,knee,High Severity,Week 1,2016,15,15,Knee Reconstruction Surgery,9-12 months
Thaddeus lewis,TL-0800,San Francisco 49Ers,ACL tear,knee,High Severity,Preseason,2016,16,16,Knee Reconstruction Surgery,9-12 months
Timothy Wright,TW-3900,Detroit Lions,ACL tear,knee,High Severity,Preseason,2016,16,16,Knee Reconstruction Surgery,9-12 months
Dorial Green-Beckham,DG-2650,Philadelphia Eagles,abdominal strain,abdomen,Low Severity,Week 13,2016,1,2,,
Keith McGill,KM-1150,Oakland Raiders,abdominal strain,abdomen,Low Severity,Week 11,2016,0,1,,
Mackensie Alexander,MA-0350,Minnesota Vikings,abdominal strain,abdomen,Low Severity,Week 14,2016,0,1,,
Sterling Moore,SM-3000,New Orleans Saints,abdominal strain,abdomen,Low Severity,Week 6,2016,2,3,,
Vernon Hargreaves,VH-0050,Tampa Bay Buccaneers,abdominal strain,abdomen,Low Severity,Week 16,2016,0,1,,
Jimmy Garoppolo,JG-0650,New England Patriots,AC joint sprain,shoulder,Low Severity,Week 2,2016,2,4,,
Trevor Siemian,TS-1450,Denver Broncos,AC joint sprain,shoulder,Low Severity,Week 4,2016,1,2,,
Josh Doctson,JD-2350,Washington Redskins,Achilles tendon strain,achilles,High Severity,Preseason,2016,14,14,,
Rashad Greene,RG-1812,Jacksonville Jaguars,Achilles tendon strain,achilles,Low Severity,Week 12,2016,5,5,,
Rashad Greene,RG-1812,Jacksonville Jaguars,Achilles tendon strain,achilles,Low Severity,Week 5,2016,1,1,,
Derek Carr,DC-0725,Oakland Raiders,ankle fracture,ankle,Low Severity,Week 16,2016,1,1,,
LaDarius Green,LG-0750,Pittsburgh Steelers,ankle soreness,ankle,Medium Severity,Preseason,2016,8,8,,
A.J. Bouye,AB-2250,Houston Texans,ankle sprain,ankle,Low Severity,Week 9,2016,0,1,,
Aaron Williams,AW-1200,Buffalo Bills,ankle sprain,ankle,Low Severity,Week 4,2016,0,2,,
Adairius Barnes,AB-0550,Detroit Lions,ankle sprain,ankle,Medium Severity,Week 1,2016,3,3,,
Andrew Sendejo,AS-0600,Minnesota Vikings,ankle sprain,ankle,Low Severity,Week 7,2016,1,2,,
Andy Janovich,AJ-0375,Denver Broncos,ankle sprain,ankle,Low Severity,Week 12,2016,1,1,,
Austin Seferian-Jenkins,AS-0550,New York Jets,ankle sprain,ankle,Medium Severity,Week 5,2016,3,3,,
Bashaud Breeland,BB-2725,Washington Redskins,ankle sprain,ankle,Low Severity,Week 4,2016,2,5,,
Brandon Bostick,BB-2450,New York Jets,ankle sprain,ankle,Low Severity,Week 14,2016,0,1,,
Brett Hundley,BH-2300,Green Bay Packers,ankle sprain,ankle,Low Severity,Preseason,2016,0,0,,
Byron Maxwell,BM-0600,Miami Dolphins,ankle sprain,ankle,Medium Severity,Week 15,2016,3,3,,
Captain Munnerlyn,CM-3400,Minnesota Vikings,ankle sprain,ankle,Low Severity,Week 9,2016,1,3,,
Coty Sensabaugh,CS-1250,New York Giants,ankle sprain,ankle,Low Severity,Week 16,2016,1,1,,
Da'Norris Searcy,DS-1400,Tennessee Titans,ankle sprain,ankle,Low Severity,Week 3,2016,2,2,,
Danny Amendola,DA-0900,New England Patriots,ankle sprain,ankle,Medium Severity,Week 13,2016,4,4,,
Danny Woodhead,DW-4300,San Diego Chargers,ankle sprain,ankle,Low Severity,Preseason,2016,0,0,,
Darius Butler,DB-6100,Indianapolis Colts,ankle sprain,ankle,Low Severity,Preseason,2016,1,2,,
Darqueze Dennard,DD-0950,Cincinnati Bengals,ankle sprain,ankle,Low Severity,Preseason,2016,1,1,,
Davante Adams,DA-0212,Green Bay Packers,ankle sprain,ankle,Low Severity,Postseason,2016,0,1,,
Deiondre' Hall,DH-0850,Chicago Bears,ankle sprain,ankle,High Severity,Week 4,2016,8,8,,
Denard Robinson,DR-2250,Jacksonville Jaguars,ankle sprain,ankle,Low Severity,Week 14,2016,2,2,,
Deon Bush,DB-5950,Chicago Bears,ankle sprain,ankle,Low Severity,Week 16,2016,1,1,,
Deone Bucannon,DB-5450,Arizona Cardinals,ankle sprain,ankle,Low Severity,Week 11,2016,3,3,,
Duke Johnson,DJ-1850,Cleveland Browns,ankle sprain,ankle,Low Severity,Week 16,2016,0,1,,
Dwayne Allen,DA-0850,Indianapolis Colts,ankle sprain,ankle,Low Severity,Week 6,2016,2,3,,
Dwayne Harris,DH-1800,New York Giants,ankle sprain,ankle,Low Severity,Week 13,2016,0,1,,
Dwayne Washington,DW-1550,Detroit Lions,ankle sprain,ankle,Low Severity,Week 13,2016,0,2,,
Eric Ebron,EE-0050,Detroit Lions,ankle sprain,ankle,Medium Severity,Preseason,2016,0,6,,
Eric Rowe,ER-0475,New England Patriots,ankle sprain,ankle,Medium Severity,Week 1,2016,3,3,,
Gabe Holmes,GH-1087,Oakland Raiders,ankle sprain,ankle,High Severity,Preseason,2016,16,16,,
George Farmer,GF-0050,,ankle sprain,ankle,Low Severity,Preseason,2016,0,0,,
Harrison Smith,HS-0130,Minnesota Vikings,ankle sprain,ankle,Low Severity,Week 11,2016,2,3,,
Harrison Smith,HS-0130,Minnesota Vikings,ankle sprain,ankle,Low Severity,Week 13,2016,1,2,,
James Ihedigbo,JI-0200,Buffalo Bills,ankle sprain,ankle,Low Severity,Week 12,2016,0,1,,
Jamize Olawale,JO-0550,Oakland Raiders,ankle sprain,ankle,Low Severity,Week 8,2016,0,1,,
Jared Cook,JC-4300,Green Bay Packers,ankle sprain,ankle,Medium Severity,Week 3,2016,6,7,,
Jay Prosch,JP-4187,Houston Texans,ankle sprain,ankle,Low Severity,Week 16,2016,1,1,,
Jeremy Butler,JB-8550,San Diego Chargers,ankle sprain,ankle,Low Severity,Week 14,2016,2,3,,
Jeremy Butler,JB-8550,San Diego Chargers,ankle sprain,ankle,Low Severity,Week 9,2016,1,2,,
Jeremy Langford,JL-0280,Chicago Bears,ankle sprain,ankle,Medium Severity,Week 3,2016,4,5,,
Jerraud Powers,JP-4100,Baltimore Ravens,ankle sprain,ankle,Low Severity,Preseason,2016,2,2,,
Jimmy Smith,JS-4300,Baltimore Ravens,ankle sprain,ankle,Low Severity,Week 14,2016,2,2,,
Johnthan Banks,JB-1250,Chicago Bears,ankle sprain,ankle,Low Severity,Week 13,2016,2,2,,
Jordan Matthews,JM-1550,Philadelphia Eagles,ankle sprain,ankle,Low Severity,Week 12,2016,2,5,,
Jordan Reed,JR-1150,Washington Redskins,ankle sprain,ankle,Low Severity,Preseason,2016,0,0,,
Josh Hill,JH-4070,New Orleans Saints,ankle sprain,ankle,Medium Severity,Week 1,2016,3,4,,
Keith Reaser,KR-0325,San Francisco 49Ers,ankle sprain,ankle,Low Severity,Preseason,2016,1,2,,
Kenny Vaccaro,KV-0050,New Orleans Saints,ankle sprain,ankle,Low Severity,Week 2,2016,1,2,,
Lamar Miller,LM-1150,Houston Texans,ankle sprain,ankle,Low Severity,Week 15,2016,2,2,,
Lamarcus Joyner,LJ-1800,Los Angeles Rams,ankle sprain,ankle,Low Severity,Week 10,2016,0,1,,
Lamarcus Joyner,LJ-1800,Los Angeles Rams,ankle sprain,ankle,Low Severity,Week 15,2016,2,2,,
Laquon Treadwell,LT-0862,Minnesota Vikings,ankle sprain,ankle,Medium Severity,Week 14,2016,3,3,,
Latavius Murray,LM-1850,Oakland Raiders,ankle sprain,ankle,Low Severity,Week 10,2016,0,3,,
LeSean Mccoy,LM-1000,Buffalo Bills,ankle sprain,ankle,Low Severity,Preseason,2016,0,0,,
Luke Stocker,LS-1900,Tampa Bay Buccaneers,ankle sprain,ankle,Low Severity,Week 13,2016,1,2,,
Luke Stocker,LS-1900,Tampa Bay Buccaneers,ankle sprain,ankle,Medium Severity,Week 2,2016,3,6,,
Malcolm Butler,MB-5250,New England Patriots,ankle sprain,ankle,Low Severity,Week 1,2016,0,1,,
Marcus Cromartie,MC-2950,San Francisco 49Ers,ankle sprain,ankle,Low Severity,Week 1,2016,2,2,,
Marcus Williams,MW-2250,New York Jets,ankle sprain,ankle,Low Severity,Week 9,2016,2,3,,
Mario Alford,MA-0475,Cincinnati Bengals,ankle sprain,ankle,Low Severity,Preseason,2016,0,0,,
MarQueis Gray,MG-1250,Miami Dolphins,ankle sprain,ankle,Low Severity,Week 9,2016,0,1,,
Martellus Bennett,MB-1800,New England Patriots,ankle sprain,ankle,Low Severity,Week 5,2016,0,11,,
Matt Asiata,MA-1150,Minnesota Vikings,ankle sprain,ankle,Low Severity,Week 14,2016,0,1,,
Michael Crabtree,MC-2900,Oakland Raiders,ankle sprain,ankle,Low Severity,Week 11,2016,0,2,,
Michael Crabtree,MC-2900,Oakland Raiders,ankle sprain,ankle,Low Severity,Week 16,2016,0,2,,
Morris Claiborne,MC-1350,Dallas Cowboys,ankle sprain,ankle,Low Severity,Week 5,2016,0,1,,
Nick Marshall,NM-0250,New York Jets,ankle sprain,ankle,Low Severity,Week 11,2016,1,1,,
Nick Vannett,NV-0050,Seattle Seahawks,ankle sprain,ankle,Medium Severity,Preseason,2016,4,4,,
Peyton Thompson,PT-0450,Jacksonville Jaguars,ankle sprain,ankle,Low Severity,Week 13,2016,1,1,,
Randall Cobb,RC-1500,Green Bay Packers,ankle sprain,ankle,Medium Severity,Week 14,2016,2,4,,
Randall Telfer,RT-0450,Cleveland Browns,ankle sprain,ankle,Low Severity,Week 15,2016,0,1,,
Randall Telfer,RT-0450,Cleveland Browns,ankle sprain,ankle,Low Severity,Week 4,2016,2,3,,
Rasheed Bailey,RB-0150,,ankle sprain,ankle,Medium Severity,Preseason,2016,0,0,,
Robenson Therezie,RT-0475,Atlanta Falcons,ankle sprain,ankle,Low Severity,Week 13,2016,2,2,,
Robert Golden,RG-1250,Pittsburgh Steelers,ankle sprain,ankle,Low Severity,Week 16,2016,2,2,,
Ryan Mathews,RM-1200,Philadelphia Eagles,ankle sprain,ankle,Low Severity,Preseason,2016,0,0,,
Stephon Gilmore,SG-0650,Buffalo Bills,ankle sprain,ankle,Low Severity,Week 4,2016,0,1,,
T.J. Green,TG-1575,Indianapolis Colts,ankle sprain,ankle,Low Severity,Week 14,2016,0,1,,
T.J. Yeldon,TY-0150,Jacksonville Jaguars,ankle sprain,ankle,Low Severity,Week 11,2016,0,1,,
T.J. Yeldon,TY-0150,Jacksonville Jaguars,ankle sprain,ankle,Low Severity,Week 16,2016,1,1,,
Terron Ward,TW-0650,Atlanta Falcons,ankle sprain,ankle,Low Severity,Preseason,2016,1,1,,
Tharold Simon,TS-1650,Arizona Cardinals,ankle sprain,ankle,Medium Severity,Week 9,2016,7,7,,
Tre Boston,TB-1850,Carolina Panthers,ankle sprain,ankle,Low Severity,Week 11,2016,0,1,,
Troymaine Pope,TP-1950,Seattle Seahawks,ankle sprain,ankle,Low Severity,Week 11,2016,1,2,,
Trumaine Johnson,TJ-2250,Los Angeles Rams,ankle sprain,ankle,Medium Severity,Week 5,2016,3,5,,
Victor Cruz,VC-0300,New York Giants,ankle sprain,ankle,Low Severity,Week 9,2016,1,1,,
Vontae Davis,VD-0200,Indianapolis Colts,ankle sprain,ankle,Low Severity,Preseason,2016,2,3,,
Vontae Davis,VD-0200,Indianapolis Colts,ankle sprain,ankle,Low Severity,Week 11,2016,0,1,,
Anquan Boldin,AB-2000,Detroit Lions,ankle strain,ankle,Low Severity,Week 5,2016,0,1,,
Ben Braunecker,BB-2712,Chicago Bears,ankle strain,ankle,Low Severity,Preseason,2016,0,2,,
Bruce Ellington,BE-0350,San Francisco 49Ers,ankle strain,ankle,Low Severity,Preseason,2016,0,0,,
Charcandrick West,CW-1450,Kansas City Chiefs,ankle strain,ankle,Low Severity,Week 3,2016,1,1,,
Charles Clay,CC-2100,Buffalo Bills,ankle strain,ankle,Low Severity,Week 6,2016,0,2,,
Charles Sims,CS-1950,Tampa Bay Buccaneers,ankle strain,ankle,Low Severity,Preseason,2016,0,0,,
Darren Fells,DF-0550,Arizona Cardinals,ankle strain,ankle,Low Severity,Week 7,2016,1,1,,
Deonte Thompson,DT-1250,Chicago Bears,ankle strain,ankle,Low Severity,Preseason,2016,0,1,,
Dion Sims,DS-2170,Miami Dolphins,ankle strain,ankle,Low Severity,Week 3,2016,0,1,,
Geoff Swaim,GS-1400,Dallas Cowboys,ankle strain,ankle,Low Severity,Week 1,2016,0,1,,
Golden Tate,GT-0100,Detroit Lions,ankle strain,ankle,Low Severity,Preseason,2016,0,1,,
Isa Abdul-Quddus,IA-0100,Miami Dolphins,ankle strain,ankle,Low Severity,Week 8,2016,0,4,,
Jakeem Grant,JG-2950,Miami Dolphins,ankle strain,ankle,Low Severity,Week 5,2016,0,1,,
Jarius Wright,JW-6560,Minnesota Vikings,ankle strain,ankle,Low Severity,Week 7,2016,2,2,,
Jeremy Kerley,JK-1000,San Francisco 49Ers,ankle strain,ankle,Low Severity,Week 5,2016,0,1,,
Jerick McKinnon,JM-3450,Minnesota Vikings,ankle strain,ankle,Low Severity,Week 7,2016,1,2,,
Jonathan Stewart,JS-6700,Carolina Panthers,ankle strain,ankle,Low Severity,Week 1,2016,0,1,,
Julio Jones,JJ-4700,Atlanta Falcons,ankle strain,ankle,Low Severity,Preseason,2016,0,0,,
Julius Thomas,JT-2000,Jacksonville Jaguars,ankle strain,ankle,Low Severity,Week 6,2016,0,3,,
Michael Thomas,MT-0875,New Orleans Saints,ankle strain,ankle,Low Severity,Preseason,2016,0,1,,
Theo Riddick,TR-0370,Detroit Lions,ankle strain,ankle,Low Severity,Week 5,2016,2,6,,
Ronnie Hillman,RH-2350,,back contusion,back,Low Severity,Preseason,2016,0,0,,
Shaun Draughn,SD-0800,San Francisco 49Ers,back contusion,back,Low Severity,Preseason,2016,0,0,,
Greg Olsen,GO-0100,Carolina Panthers,back spasms,back,Low Severity,Preseason,2016,0,0,,
Devon Johnson,DJ-1612,Carolina Panthers,back sprain,back,High Severity,Preseason,2016,16,16,,
Aaron Ripkowski,AR-0875,Green Bay Packers,back strain,back,Low Severity,Week 14,2016,0,1,,
Amari Cooper,AC-2350,Oakland Raiders,back strain,back,Low Severity,Week 8,2016,0,2,,
Aqib Talib,AT-0100,Denver Broncos,back strain,back,Medium Severity,Week 7,2016,3,3,,
Brandon Williams,BW-2040,Arizona Cardinals,back strain,back,Low Severity,Week 15,2016,0,1,,
Chris Hogan,CH-3350,New England Patriots,back strain,back,Low Severity,Week 9,2016,1,4,,
DeVante Parker,DP-0350,Miami Dolphins,back strain,back,Low Severity,Week 12,2016,0,2,,
Dez Bryant,DB-5300,Dallas Cowboys,back strain,back,Low Severity,Week 10,2016,0,4,,
Eric Ebron,EE-0050,Detroit Lions,back strain,back,Low Severity,Week 2,2016,0,1,,
Garrett Celek,GC-0350,San Francisco 49Ers,back strain,back,Low Severity,Week 3,2016,0,1,,
Janoris Jenkins,JJ-1550,New York Giants,back strain,back,Low Severity,Week 15,2016,1,2,,
Jimmy Smith,JS-4300,Baltimore Ravens,back strain,back,Low Severity,Week 11,2016,2,3,,
Jordan Matthews,JM-1550,Philadelphia Eagles,back strain,back,Low Severity,Week 10,2016,0,1,,
Julius Thomas,JT-2000,Jacksonville Jaguars,back strain,back,Medium Severity,Week 11,2016,6,6,,
Kelvin Benjamin,KB-0950,Carolina Panthers,back strain,back,Low Severity,Week 14,2016,0,1,,
Kenny Stills,KS-2350,Miami Dolphins,back strain,back,Low Severity,Preseason,2016,0,0,,
Lamarcus Joyner,LJ-1800,Los Angeles Rams,back strain,back,Low Severity,Week 9,2016,0,1,,
Luke Stocker,LS-1900,Tampa Bay Buccaneers,back strain,back,Low Severity,Preseason,2016,0,1,,
Marcus Cooper,MC-2570,Arizona Cardinals,back strain,back,Low Severity,Week 14,2016,1,3,,
Marlon Brown,MB-4050,,back strain,back,Low Severity,Preseason,2016,0,0,,
Shareece Wright,SW-2300,Baltimore Ravens,back strain,back,Low Severity,Week 5,2016,0,1,,
T.Y. Hilton,TH-1850,Indianapolis Colts,back strain,back,Low Severity,Week 12,2016,0,1,,
Torrey Smith,TS-2300,San Francisco 49Ers,back strain,back,Low Severity,Week 7,2016,0,2,,
Tyler Eifert,TE-0300,Cincinnati Bengals,back strain,back,Low Severity,Week 15,2016,2,2,,
Tyler Eifert,TE-0300,Cincinnati Bengals,back strain,back,Low Severity,Week 4,2016,2,3,,
Su'a Cravens,SC-1725,Washington Redskins,biceps tear,biceps,Medium Severity,Week 14,2016,3,3,,
Aaron Colvin,AC-2250,Jacksonville Jaguars,calf strain,calf,Low Severity,Week 8,2016,0,1,,
Alfred Blue,AB-1975,Houston Texans,calf strain,calf,Low Severity,Week 10,2016,2,3,,
Bobby Rainey,BR-0050,New York Giants,calf strain,calf,Low Severity,Week 7,2016,0,1,,
Breshad Perriman,BP-0450,Baltimore Ravens,calf strain,calf,Low Severity,Week 1,2016,0,1,,
Brian Quick,BQ-0050,Los Angeles Rams,calf strain,calf,Low Severity,Week 5,2016,0,1,,
C.J. Uzomah,CU-0150,Cincinnati Bengals,calf strain,calf,Medium Severity,Week 10,2016,5,5,,
Chris Ivory,CI-0300,Jacksonville Jaguars,calf strain,calf,Low Severity,Preseason,2016,2,2,,
Chris Prosinski,CP-2500,Chicago Bears,calf strain,calf,Low Severity,Week 2,2016,0,1,,
Darius Butler,DB-6100,Indianapolis Colts,calf strain,calf,Low Severity,Week 6,2016,0,1,,
Eddie Royal,ER-0500,Chicago Bears,calf strain,calf,Low Severity,Week 4,2016,0,2,,
Jarius Wright,JW-6560,Minnesota Vikings,calf strain,calf,Low Severity,Preseason,2016,0,0,,
Julio Jones,JJ-4700,Atlanta Falcons,calf strain,calf,Low Severity,Week 2,2016,0,1,,
Keith Tandy,KT-0150,Tampa Bay Buccaneers,calf strain,calf,Low Severity,Week 4,2016,0,1,,
Kenny Stills,KS-2350,Miami Dolphins,calf strain,calf,Low Severity,Week 9,2016,0,3,,
MarQueis Gray,MG-1250,Miami Dolphins,calf strain,calf,Low Severity,Week 5,2016,0,1,,
Michael Campanaro,MC-0150,Baltimore Ravens,calf strain,calf,Low Severity,Preseason,2016,0,0,,
Nelson Spruce,NS-0718,Los Angeles Rams,calf strain,calf,Medium Severity,Week 6,2016,3,3,,
Quintin Demps,QD-0100,Houston Texans,calf strain,calf,Medium Severity,Week 5,2016,3,3,,
Ron Brooks,RB-3350,Philadelphia Eagles,calf strain,calf,Low Severity,Week 6,2016,0,1,,
Trey Burton,TB-3950,Philadelphia Eagles,calf strain,calf,Low Severity,Preseason,2016,1,1,,
Vincent Brown,VB-0300,,calf strain,calf,Low Severity,Preseason,2016,0,0,,
Virgil Green,VG-0300,Denver Broncos,calf strain,calf,Medium Severity,Week 2,2016,3,3,,
Derron Smith,DS-2950,Cincinnati Bengals,chest contusion,chest,Low Severity,Week 3,2016,0,1,,
Jason Witten,JW-6000,Dallas Cowboys,chest contusion,chest,Low Severity,Week 5,2016,0,2,,
Kenneth Dixon,KD-1050,Baltimore Ravens,chest contusion,chest,Medium Severity,Preseason,2016,4,5,,
Bacarri Rambo,BR-0150,Miami Dolphins,chest strain,chest,Low Severity,Week 17,2016,0,1,,
Chris Conte,CC-4000,Tampa Bay Buccaneers,chest strain,chest,Low Severity,Week 12,2016,2,3,,
Jason McCourty,JM-2800,Tennessee Titans,chest strain,chest,Low Severity,Week 15,2016,2,2,,
Leonard Johnson,LJ-1150,Carolina Panthers,chest strain,chest,Low Severity,Week 11,2016,0,1,,
Tavon Austin,TA-1050,Los Angeles Rams,chest strain,chest,Low Severity,Week 12,2016,1,1,,
Jahleel Addae,JA-0280,San Diego Chargers,clavicle fracture,clavicle,High Severity,Week 2,2016,8,8,,
Jared Goff,JG-1850,Los Angeles Rams,coccyx bone contusion,lower back,Low Severity,Preseason,2016,0,0,,
A.J. Derby,AD-1175,Denver Broncos,concussion,head,Low Severity,Week 15,2016,2,2,,
Aaron Colvin,AC-2250,Jacksonville Jaguars,concussion,head,Low Severity,Week 11,2016,0,1,,
Adam Humphries,AH-3862,Tampa Bay Buccaneers,concussion,head,Low Severity,Week 13,2016,1,1,,
Adrian Amos,AA-0543,Chicago Bears,concussion,head,Low Severity,Week 2,2016,0,1,,
Akeem Hunt,AH-3875,Houston Texans,concussion,head,Low Severity,Preseason,2016,0,0,,
Allen Hurns,AH-3900,Jacksonville Jaguars,concussion,head,Low Severity,Week 9,2016,0,1,,
Andrew Luck,AL-1100,Indianapolis Colts,concussion,head,Low Severity,Week 11,2016,1,1,,
Anthony Brown,AB-3450,Dallas Cowboys,concussion,head,Low Severity,Week 16,2016,0,1,,
Antonio Allen,AA-0850,New York Jets,concussion,head,Low Severity,Week 13,2016,1,1,,
Arrelious Benn,AB-1200,Jacksonville Jaguars,concussion,head,Low Severity,Week 11,2016,0,1,,
Arrelious Benn,AB-1200,Jacksonville Jaguars,concussion,head,Low Severity,Week 15,2016,1,1,,
Asante Cleveland,AC-1650,San Diego Chargers,concussion,head,Low Severity,Week 11,2016,2,2,,
Austin Davis,AD-0680,Denver Broncos,concussion,head,Low Severity,Preseason,2016,0,0,,
Brandon Flowers,BF-0800,San Diego Chargers,concussion,head,Medium Severity,Week 11,2016,3,3,,
Brandon Flowers,BF-0800,San Diego Chargers,concussion,head,Medium Severity,Week 3,2016,4,4,,
Brandon Tate,BT-0300,Buffalo Bills,concussion,head,Low Severity,Week 8,2016,1,1,,
Bryan Walters,BW-0400,Jacksonville Jaguars,concussion,head,Low Severity,Week 9,2016,2,2,,
Bryce Callahan,BC-0150,Chicago Bears,concussion,head,Low Severity,Week 2,2016,1,1,,
Buster Skrine,BS-2300,New York Jets,concussion,head,Low Severity,Week 14,2016,1,1,,
C.J. Fiedorowicz,CF-0375,Houston Texans,concussion,head,Low Severity,Week 14,2016,1,1,,
Calvin Pryor,CP-2600,New York Jets,concussion,head,Low Severity,Week 12,2016,1,1,,
Cam Newton,CN-0500,Carolina Panthers,concussion,head,Low Severity,Week 4,2016,1,2,,
Carlos Hyde,CH-5000,San Francisco 49Ers,concussion,head,Low Severity,Preseason,2016,0,0,,
Carson Palmer,CP-0500,Arizona Cardinals,concussion,head,Low Severity,Week 4,2016,1,1,,
Chris Manhertz,CM-0175,Washington Redskins,concussion,head,Low Severity,Preseason,2016,1,1,,
Clayton Geathers,CG-0750,Indianapolis Colts,concussion,head,Low Severity,Week 11,2016,1,1,,
Cody Kessler,CK-0550,Cleveland Browns,concussion,head,Low Severity,Week 11,2016,1,1,,
Cody Kessler,CK-0550,Cleveland Browns,concussion,head,Low Severity,Week 7,2016,1,1,,
Cody Latimer,CL-0275,Denver Broncos,concussion,head,Low Severity,Week 6,2016,1,1,,
Colin Jones,CJ-2300,Carolina Panthers,concussion,head,Low Severity,Week 9,2016,2,3,,
Cordarrelle Patterson,CP-0750,Minnesota Vikings,concussion,head,Low Severity,Week 8,2016,0,1,,
Craig Mager,CM-0150,San Diego Chargers,concussion,head,Low Severity,Week 7,2016,2,3,,
Daniel Lasco,DL-0412,New Orleans Saints,concussion,head,Low Severity,Preseason,2016,0,0,,
Darius Butler,DB-6100,Indianapolis Colts,concussion,head,Low Severity,Week 16,2016,1,1,,
Darren Sproles,DS-3300,Philadelphia Eagles,concussion,head,Low Severity,Week 14,2016,1,1,,
Daryl Worley,DW-4750,Carolina Panthers,concussion,head,Low Severity,Week 7,2016,0,4,,
Davante Adams,DA-0212,Green Bay Packers,concussion,head,Low Severity,Week 6,2016,0,1,,
David Amerson,DA-0950,Oakland Raiders,concussion,head,Low Severity,Week 2,2016,0,1,,
Demetri Goodson,DG-1600,Green Bay Packers,concussion,head,Low Severity,Week 8,2016,0,1,,
Dez Bryant,DB-5300,Dallas Cowboys,concussion,head,Low Severity,Preseason,2016,0,0,,
Dion Sims,DS-2170,Miami Dolphins,concussion,head,Low Severity,Week 6,2016,2,3,,
Dominique Williams,DW-3925,,concussion,head,Low Severity,Preseason,2016,0,3,,
Duke Ihenacho,DI-0050,Washington Redskins,concussion,head,Low Severity,Week 9,2016,0,1,,
Eddie Royal,ER-0500,Chicago Bears,concussion,head,Low Severity,Preseason,2016,0,0,,
Harold Jones-Quartey,HJ-0400,Chicago Bears,concussion,head,Low Severity,Week 3,2016,0,1,,
Hunter Henry,HH-0225,San Diego Chargers,concussion,head,Low Severity,Week 7,2016,0,1,,
Jalin Marshall,JM-0887,New York Jets,concussion,head,Low Severity,Week 12,2016,2,2,,
James Starks,JS-6200,Green Bay Packers,concussion,head,Medium Severity,Week 14,2016,3,3,,
James Wilder Jr.,JW-3075,Buffalo Bills,concussion,head,High Severity,Preseason,2016,16,16,,
Jerraud Powers,JP-4100,Baltimore Ravens,concussion,head,Low Severity,Week 14,2016,0,1,,
Jimmie Ward,JW-0750,San Francisco 49Ers,concussion,head,Low Severity,Week 11,2016,0,1,,
Jimmy Smith,JS-4300,Baltimore Ravens,concussion,head,Low Severity,Week 6,2016,0,1,,
John Brown,JB-6950,Arizona Cardinals,concussion,head,Low Severity,Preseason,2016,0,0,,
Jordan Cameron,JC-0400,Miami Dolphins,concussion,head,Medium Severity,Week 3,2016,13,13,,
Jordan Reed,JR-1150,Washington Redskins,concussion,head,Low Severity,Week 6,2016,2,3,,
Josh Norman,JN-1750,Washington Redskins,concussion,head,Low Severity,Week 7,2016,0,1,,
Ka'Deem Carey,KC-0250,Chicago Bears,concussion,head,Low Severity,Preseason,2016,0,0,,
Kayvon Webster,KW-0850,Denver Broncos,concussion,head,Low Severity,Week 16,2016,1,1,,
Kenny Bell,KB-0925,,concussion,head,Low Severity,Preseason,2016,0,0,,
Kurt Coleman,KC-1800,Carolina Panthers,concussion,head,Low Severity,Week 12,2016,1,3,,
Ladarius Green,LG-0750,Pittsburgh Steelers,concussion,head,Medium Severity,Week 15,2016,2,2,,
LaRon Byrd,LB-1900,Carolina Panthers,concussion,head,High Severity,Preseason,2016,16,16,,
Larry Donnell,LD-0650,New York Giants,concussion,head,Low Severity,Week 4,2016,1,1,,
Mack Brown,MB-3856,Washington Redskins,concussion,head,Low Severity,Week 14,2016,0,1,,
Marcus Murphy,MM-5750,New Orleans Saints,concussion,head,Low Severity,Preseason,2016,0,0,,
Mark Ingram,MI-0100,New Orleans Saints,concussion,head,Low Severity,Week 11,2016,0,1,,
Marquise Goodwin,MG-1050,Buffalo Bills,concussion,head,Low Severity,Preseason,2016,0,0,,
Marquise Goodwin,MG-1050,Buffalo Bills,concussion,head,Low Severity,Week 7,2016,1,1,,
Matt Moore,MM-4700,Miami Dolphins,concussion,head,Low Severity,Preseason,2016,0,0,,
Mike Gillislee,MG-0650,Buffalo Bills,concussion,head,Low Severity,Preseason,2016,0,0,,
Mo Alexander,MA-0450,Los Angeles Rams,concussion,head,Low Severity,Week 14,2016,2,2,,
Morris Claiborne,MC-1350,Dallas Cowboys,concussion,head,Low Severity,Week 7,2016,0,1,,
Nat Berhe,NB-0250,New York Giants,concussion,head,Low Severity,Week 12,2016,2,2,,
Nat Berhe,NB-0250,New York Giants,concussion,head,Medium Severity,Week 14,2016,3,3,,
Nat Berhe,NB-0250,New York Giants,concussion,head,Medium Severity,Week 3,2016,4,5,,
Nate Allen,NA-0100,Oakland Raiders,concussion,head,Low Severity,Week 17,2016,1,1,,
Nate Ebner,NE-0250,New England Patriots,concussion,head,Low Severity,Week 12,2016,0,1,,
Neal Sterling,NS-0725,Jacksonville Jaguars,concussion,head,Low Severity,Week 15,2016,2,2,,
Nick Williams,NW-0500,Atlanta Falcons,concussion,head,Low Severity,Week 14,2016,1,1,,
Patrick Robinson,PR-0400,Indianapolis Colts,concussion,head,Low Severity,Week 1,2016,2,2,,
Perrish Cox,PC-0800,Tennessee Titans,concussion,head,Low Severity,Week 7,2016,1,1,,
Phillip Supernaw,PS-0950,Tennessee Titans,concussion,head,Low Severity,Week 11,2016,1,1,,
Quincy Enunwa,QE-0100,New York Jets,concussion,head,Low Severity,Preseason,2016,0,0,,
Quinton Dunbar,QD-0400,Washington Redskins,concussion,head,Low Severity,Week 16,2016,2,2,,
Quinton Patton,QP-0050,San Francisco 49Ers,concussion,head,Low Severity,Week 12,2016,0,1,,
Rashard Robinson,RR-0925,San Francisco 49Ers,concussion,head,Low Severity,Week 6,2016,2,3,,
Roger Lewis,RL-0625,New York Giants,concussion,head,Low Severity,Week 11,2016,0,1,,
Ronald Darby,RD-0050,Buffalo Bills,concussion,head,Low Severity,Week 12,2016,1,1,,
Sam Shields,SS-1300,Green Bay Packers,concussion,head,Medium Severity,Week 2,2016,4,4,,
Shamarko Thomas,ST-0450,Pittsburgh Steelers,concussion,head,Medium Severity,Week 13,2016,3,3,,
Shane Vereen,SV-0200,New York Giants,concussion,head,Low Severity,Week 14,2016,0,1,,
Spencer Ware,SW-0350,Kansas City Chiefs,concussion,head,Low Severity,Week 8,2016,1,1,,
Stephon Gilmore,SG-0650,Buffalo Bills,concussion,head,Low Severity,Week 16,2016,1,1,,
Su'a Cravens,SC-1725,Washington Redskins,concussion,head,Low Severity,Week 4,2016,2,2,,
T.J. Ward,TW-0600,Denver Broncos,concussion,head,Low Severity,Week 15,2016,2,2,,
Taiwan Jones,TJ-2400,Oakland Raiders,concussion,head,Low Severity,Week 1,2016,0,1,,
Tavon Young,TY-0250,Baltimore Ravens,concussion,head,Low Severity,Week 8,2016,0,1,,
Taylor Gabriel,TG-0025,Atlanta Falcons,concussion,head,Low Severity,Week 6,2016,1,1,,
Tom Savage,TS-0550,Houston Texans,concussion,head,Low Severity,Week 17,2016,1,1,,
Torrey Smith,TS-2300,San Francisco 49Ers,concussion,head,Medium Severity,Week 14,2016,3,3,,
Trae Waynes,TW-1187,Minnesota Vikings,concussion,head,Low Severity,Week 14,2016,1,1,,
Virgil Green,VG-0300,Denver Broncos,concussion,head,Low Severity,Week 15,2016,1,1,,
Vontae Davis,VD-0200,Indianapolis Colts,concussion,head,Low Severity,Week 8,2016,0,1,,
Wendell Smallwood,WS-0650,Philadelphia Eagles,concussion,head,Low Severity,Preseason,2016,0,0,,
Will Blackmon,WB-0700,Washington Redskins,concussion,head,Low Severity,Week 13,2016,1,2,,
Will Tukuafu,WT-0400,Seattle Seahawks,concussion,head,Low Severity,Week 13,2016,1,1,,
Zach Line,ZL-0200,Minnesota Vikings,concussion,head,Low Severity,Week 15,2016,1,1,,
Zach Miller,ZM-0250,Chicago Bears,concussion,head,Low Severity,Preseason,2016,0,0,,
Zach Zenner,ZZ-0100,Detroit Lions,concussion,head,Low Severity,Week 14,2016,0,1,,
Robert Griffin III,RG-1850,Cleveland Browns,coracoid bone fracture,shoulder,High Severity,Week 1,2016,11,11,,
Colin Kaepernick,CK-0100,San Francisco 49Ers,dead arm syndrome,shoulder,Low Severity,Preseason,2016,0,0,,
Malcolm Mitchell,MM-3450,New England Patriots,elbow dislocation,elbow,Low Severity,Preseason,2016,0,1,,
Bennie Fowler,BF-0950,Denver Broncos,elbow fracture,elbow,Medium Severity,Preseason,2016,3,3,,
Greg Olsen,GO-0100,Carolina Panthers,elbow strain,elbow,Low Severity,Week 16,2016,0,1,,
Julius Thomas,JT-2000,Jacksonville Jaguars,elbow strain,elbow,Low Severity,Week 3,2016,1,1,,
Kellen Davis,KD-0400,New York Jets,elbow strain,elbow,Low Severity,Week 8,2016,2,2,,
Ryan Nassib,RN-0050,New York Giants,elbow strain,elbow,Low Severity,Week 8,2016,1,1,,
Tom Savage,TS-0550,Houston Texans,elbow strain,elbow,Low Severity,Week 13,2016,1,1,,
Keith Marshall,KM-0350,Washington Redskins,elbow UCL tear,elbow,High Severity,Preseason,2016,16,16,,
Delvin Breaux,DB-3750,New Orleans Saints,fibula fracture,fibula,Medium Severity,Week 2,2016,7,8,,
Jonathan Grimes,JG-3850,Houston Texans,fibula fracture,fibula,Medium Severity,Week 3,2016,4,5,,
Rannell Hall,RH-0250,Cleveland Browns,fibula fracture,fibula,High Severity,Preseason,2016,16,16,,
Thomas Rawls,TR-0112,Seattle Seahawks,fibula fracture,fibula,High Severity,Week 2,2016,7,7,,
Dennis Pitta,DP-1300,Baltimore Ravens,finger fracture,finger,Low Severity,Preseason,2016,0,1,,
Sammie Coates,SC-0775,Pittsburgh Steelers,finger fracture,finger,Low Severity,Week 5,2016,0,1,,
Michael Crabtree,MC-2900,Oakland Raiders,finger strain,finger,Low Severity,Week 14,2016,0,2,,
Dwayne Washington,DW-1550,Detroit Lions,foot & ankle sprain,ankle,Medium Severity,Week 4,2016,4,4,,
Chris Brown,CB-3650,,foot fracture,foot,High Severity,Preseason,2016,16,16,,
Kaelin Clay,KC-1250,Baltimore Ravens,foot fracture,foot,High Severity,Preseason,2016,16,16,,
Sammy Watkins,SW-0450,Buffalo Bills,foot fracture,foot,Low Severity,Preseason,2016,0,0,,
Julian Edelman,JE-0100,New England Patriots,foot soreness,foot,Low Severity,Week 4,2016,0,8,,
Lorenzo Taliaferro,LT-0050,Baltimore Ravens,foot soreness,foot,High Severity,Preseason,2016,6,6,,
Colt Anderson,CA-0900,,foot sprain,foot,Medium Severity,Preseason,2016,3,4,,
Darian Thompson,DT-1225,New York Giants,foot sprain,foot,Medium Severity,Week 2,2016,6,6,,
Darrius Heyward-Bey,DH-2800,Pittsburgh Steelers,foot sprain,foot,Medium Severity,Week 9,2016,6,7,,
Darryl Roberts,DR-1950,New York Jets,foot sprain,foot,Low Severity,Preseason,2016,2,2,,
James Bradberry,JB-4975,Carolina Panthers,foot sprain,foot,Medium Severity,Week 5,2016,3,3,,
Jerick McKinnon,JM-3450,Minnesota Vikings,foot sprain,foot,Low Severity,Preseason,2016,0,1,,
Senquez Golson,SG-0725,Pittsburgh Steelers,foot sprain,foot,Medium Severity,Preseason,2016,5,5,,
Tyler Gaffney,TG-0050,New England Patriots,foot sprain,foot,Low Severity,Preseason,2016,0,0,,
Adrian Amos,AA-0543,Chicago Bears,foot strain,foot,Low Severity,Week 12,2016,1,1,,
Chris Moore,CM-2675,Baltimore Ravens,foot strain,foot,Low Severity,Preseason,2016,0,0,,
Clayton Geathers,CG-0750,Indianapolis Colts,foot strain,foot,Low Severity,Preseason,2016,1,3,,
Devante Parker,DP-0350,Miami Dolphins,foot strain,foot,Low Severity,Preseason,2016,0,0,,
Devin Funchess,DF-2200,Carolina Panthers,foot strain,foot,Low Severity,Week 4,2016,0,1,,
Jacquizz Rodgers,JR-2800,Tampa Bay Buccaneers,foot strain,foot,Medium Severity,Week 8,2016,4,5,,
Jeremy Langford,JL-0280,Chicago Bears,foot strain,foot,Low Severity,Preseason,2016,0,0,,
Jerome Felton,JF-1000,Buffalo Bills,foot strain,foot,Low Severity,Week 15,2016,0,1,,
Jonathan Meeks,JM-4050,Buffalo Bills,foot strain,foot,Low Severity,Week 3,2016,0,2,,
Jonathan Stewart,JS-6750,Carolina Panthers,foot strain,foot,Low Severity,Week 16,2016,0,1,,
Josh Doctson,JD-2350,Washington Redskins,foot strain,foot,Low Severity,Preseason,2016,0,0,,
Justin Bethel,JB-3350,Arizona Cardinals,foot strain,foot,Low Severity,Week 1,2016,0,5,,
Kevin Johnson,KJ-0650,Houston Texans,foot strain,foot,Low Severity,Week 6,2016,1,1,,
Lamarcus Joyner,LJ-1800,Los Angeles Rams,foot strain,foot,Low Severity,Week 1,2016,0,1,,
Marvin Jones,MJ-2250,Detroit Lions,foot strain,foot,Low Severity,Week 4,2016,0,1,,
Matthew Slater,MS-2100,New England Patriots,foot strain,foot,Medium Severity,Week 11,2016,3,6,,
Michael Thomas,MT-0850,New Orleans Saints,foot strain,foot,Low Severity,Week 13,2016,1,1,,
Mike Gillislee,MG-0650,Buffalo Bills,foot strain,foot,Low Severity,Week 7,2016,0,1,,
Nevin Lawson,NL-0250,Detroit Lions,foot strain,foot,Low Severity,Week 7,2016,0,1,,
Orlando Scandrick,OS-0200,Dallas Cowboys,foot strain,foot,Low Severity,Week 13,2016,0,2,,
Phillip Dorsett,PD-0800,Indianapolis Colts,foot strain,foot,Low Severity,Week 6,2016,1,1,,
Robert Blanton,RB-2250,Buffalo Bills,foot strain,foot,Low Severity,Week 11,2016,1,1,,
Robert Woods,RW-4050,Buffalo Bills,foot strain,foot,Low Severity,Week 6,2016,1,4,,
Shareece Wright,SW-2300,Baltimore Ravens,foot strain,foot,Low Severity,Preseason,2016,0,1,,
Taylor Gabriel,TG-0025,Atlanta Falcons,foot strain,foot,Low Severity,Week 16,2016,1,1,,
Ted Ginn,TG-0900,Carolina Panthers,foot strain,foot,Low Severity,Week 4,2016,0,1,,
Trevor Siemian,TS-1450,Denver Broncos,foot strain,foot,Low Severity,Week 12,2016,1,3,,
William Gay,WG-0500,Pittsburgh Steelers,foot strain,foot,Low Severity,Week 8,2016,0,1,,
Taylor Heinicke,TH-1250,Minnesota Vikings,foot tendon tear,foot,Medium Severity,Preseason,2016,3,3,,
Gary Barnidge,GB-0200,Cleveland Browns,forearm contusion,forearm,Low Severity,Week 5,2016,0,1,,
Barry Church,BC-1200,Dallas Cowboys,forearm fracture,forearm,Medium Severity,Week 8,2016,4,8,,
Cedric Peerman,CP-0800,Cincinnati Bengals,forearm fracture,forearm,High Severity,Preseason,2016,16,16,,
Devonta Freeman,DF-1875,Atlanta Falcons,gluteal strain,glute,Low Severity,Preseason,2016,0,0,,
Arian Foster,AF-0900,Miami Dolphins,groin strain,groin,Medium Severity,Week 2,2016,3,3,,
Brittan Golden,BG-0750,Arizona Cardinals,groin strain,groin,Low Severity,Week 11,2016,0,1,,
Bryce Callahan,BC-0150,Chicago Bears,groin strain,groin,Low Severity,Preseason,2016,0,1,,
C.B. Bryant,CB-4725,Arizona Cardinals,groin strain,groin,Low Severity,Week 11,2016,1,1,,
Cody Davis,CD-0950,Los Angeles Rams,groin strain,groin,Low Severity,Week 4,2016,0,1,,
Damarious Randall,DR-0450,Green Bay Packers,groin strain,groin,Medium Severity,Week 4,2016,6,10,,
Delanie Walker,DW-0500,Tennessee Titans,groin strain,groin,Low Severity,Week 8,2016,0,1,,
Dominique Rodgers-Cromartie,DR-2800,New York Giants,groin strain,groin,Low Severity,Week 3,2016,0,3,,
Dontae Johnson,DJ-1750,San Francisco 49Ers,groin strain,groin,Low Severity,Week 15,2016,1,2,,
Eli Apple,EA-0575,New York Giants,groin strain,groin,Low Severity,Week 5,2016,1,1,,
Greg Salas,GS-0100,Buffalo Bills,groin strain,groin,High Severity,Week 2,2016,10,10,,
Jamar Taylor,JT-0850,Cleveland Browns,groin strain,groin,Low Severity,Week 7,2016,1,3,,
Jamison Crowder,JC-5680,Washington Redskins,groin strain,groin,Low Severity,Week 7,2016,0,1,,
Jeremy Maclin,JM-0200,Kansas City Chiefs,groin strain,groin,Low Severity,Preseason,2016,0,0,,
Jeremy Maclin,JM-0200,Kansas City Chiefs,groin strain,groin,Medium Severity,Week 8,2016,4,5,,
Joe Haden,JH-0100,Cleveland Browns,groin strain,groin,Medium Severity,Week 3,2016,3,5,,
Jordan Dangerfield,JD-0025,Pittsburgh Steelers,groin strain,groin,Low Severity,Week 9,2016,2,3,,
Justin Hunter,JH-6400,Buffalo Bills,groin strain,groin,Low Severity,Week 10,2016,0,1,,
Kam Chancellor,KC-0900,Seattle Seahawks,groin strain,groin,Medium Severity,Week 5,2016,5,5,,
Lonnie Ballentine,LB-0150,Houston Texans,groin strain,groin,Low Severity,Week 9,2016,1,1,,
Mackensie Alexander,MA-0350,Minnesota Vikings,groin strain,groin,Low Severity,Week 12,2016,1,1,,
Marcus Burley,MB-5050,Cleveland Browns,groin strain,groin,Low Severity,Preseason,2016,1,1,,
Marquess Wilson,MW-3250,Chicago Bears,groin strain,groin,Low Severity,Week 13,2016,1,1,,
Michael Adams,MA-0100,Washington Redskins,groin strain,groin,Low Severity,Week 8,2016,1,1,,
Mitchell Henry,MH-2350,,groin strain,groin,Low Severity,Preseason,2016,0,0,,
Mohamed Sanu,MS-0150,Atlanta Falcons,groin strain,groin,Low Severity,Week 13,2016,1,1,,
Morgan Burnett,MB-5100,Green Bay Packers,groin strain,groin,Low Severity,Week 2,2016,1,1,,
Morris Claiborne,MC-1351,Dallas Cowboys,groin strain,groin,High Severity,Week 8,2016,9,10,,
Patrick Robinson,PR-0400,Indianapolis Colts,groin strain,groin,Medium Severity,Week 10,2016,3,3,,
Phillip Dorsett,PD-0800,Indianapolis Colts,groin strain,groin,Low Severity,Week 14,2016,0,1,,
Quinten Rollins,QR-0100,Green Bay Packers,groin strain,groin,Low Severity,Week 6,2016,2,3,,
Reggie Bush,RB-4900,Buffalo Bills,groin strain,groin,Low Severity,Week 8,2016,0,1,,
Reshad Jones,RJ-2000,Miami Dolphins,groin strain,groin,Low Severity,Week 5,2016,0,1,,
Ryan Mathews,RM-1200,Philadelphia Eagles,groin strain,groin,Low Severity,Preseason,2016,0,0,,
Shamarko Thomas,ST-0450,Pittsburgh Steelers,groin strain,groin,Medium Severity,Week 5,2016,4,4,,
Stefon Diggs,SD-0537,Minnesota Vikings,groin strain,groin,Low Severity,Week 4,2016,1,2,,
Sterling Shepard,SS-1250,New York Giants,groin strain,groin,Low Severity,Preseason,2016,0,0,,
Tyvon Branch,TB-2400,Arizona Cardinals,groin strain,groin,Low Severity,Week 3,2016,0,1,,
Vernon Davis,VD-0100,Washington Redskins,groin strain,groin,Low Severity,Week 7,2016,0,1,,
Victor Cruz,VC-0300,New York Giants,groin strain,groin,Low Severity,Preseason,2016,0,0,,
A.J. Green,AG-1500,Cincinnati Bengals,hamstring strain,hamstring,Medium Severity,Week 11,2016,6,6,,
Aaron Rodgers,AR-1300,Green Bay Packers,hamstring strain,hamstring,Low Severity,Week 12,2016,0,2,,
Adairius Barnes,AB-0550,Detroit Lions,hamstring strain,hamstring,Low Severity,Week 8,2016,0,1,,
Adrian Peterson,AP-0700,Minnesota Vikings,hamstring strain,hamstring,Low Severity,Preseason,2016,0,0,,
Allen Hurns,AH-3900,Jacksonville Jaguars,hamstring strain,hamstring,Medium Severity,Week 12,2016,5,5,,
Allen Robinson,AR-1250,Jacksonville Jaguars,hamstring strain,hamstring,Low Severity,Preseason,2016,0,0,,
Alshon Jeffery,AJ-0430,Chicago Bears,hamstring strain,hamstring,Low Severity,Preseason,2016,0,2,,
Andrew Hawkins,AH-1900,Cleveland Browns,hamstring strain,hamstring,Low Severity,Preseason,2016,0,0,,
Antonio Cromartie,AC-2400,Indianapolis Colts,hamstring strain,hamstring,Low Severity,Week 1,2016,0,1,,
Antonio Gates,AG-0500,San Diego Chargers,hamstring strain,hamstring,Low Severity,Week 2,2016,2,3,,
Arian Foster,AF-0900,Miami Dolphins,hamstring strain,hamstring,Low Severity,Week 1,2016,0,3,,
Austin Seferian-Jenkins,AS-0550,New York Jets,hamstring strain,hamstring,Low Severity,Week 16,2016,1,1,,
Brandon Wilds,BW-1650,New York Jets,hamstring strain,hamstring,Low Severity,Week 16,2016,0,1,,
Braxton Miller,BM-2350,Houston Texans,hamstring strain,hamstring,Low Severity,Week 2,2016,2,2,,
Brent Grimes,BG-2100,Tampa Bay Buccaneers,hamstring strain,hamstring,Low Severity,Week 4,2016,0,1,,
Bryce Callahan,BC-0150,Chicago Bears,hamstring strain,hamstring,Low Severity,Week 16,2016,1,1,,
Bryce Callahan,BC-0150,Chicago Bears,hamstring strain,hamstring,Medium Severity,Week 5,2016,3,4,,
C.J. Goodwin,CG-1450,Atlanta Falcons,hamstring strain,hamstring,Low Severity,Week 6,2016,1,1,,
C.J. Prosise,CP-2550,Seattle Seahawks,hamstring strain,hamstring,Low Severity,Preseason,2016,0,0,,
Carson Palmer,CP-0500,Arizona Cardinals,hamstring strain,hamstring,Low Severity,Week 6,2016,0,1,,
Cecil Shorts,CS-1500,,hamstring strain,hamstring,Medium Severity,Week 2,2016,3,4,,
Chester Rogers,CR-1525,Indianapolis Colts,hamstring strain,hamstring,Low Severity,Week 7,2016,1,1,,
Chris Banjo,CB-0450,Green Bay Packers,hamstring strain,hamstring,Low Severity,Preseason,2016,2,2,,
Chris Banjo,CB-0450,Green Bay Packers,hamstring strain,hamstring,Low Severity,Week 3,2016,2,2,,
Chris Davis,CD-0925,San Francisco 49Ers,hamstring strain,hamstring,Low Severity,Preseason,2016,1,2,,
Chris Ivory,CI-0300,Jacksonville Jaguars,hamstring strain,hamstring,Low Severity,Week 12,2016,2,2,,
Chris Ivory,CI-0300,Jacksonville Jaguars,hamstring strain,hamstring,Low Severity,Week 16,2016,1,1,,
Christine Michael,CM-2280,Seattle Seahawks,hamstring strain,hamstring,Low Severity,Week 9,2016,0,1,,
Cody Riggs,CR-0875,Tennessee Titans,hamstring strain,hamstring,Medium Severity,Week 3,2016,3,3,,
Corey Coleman,CC-3650,Cleveland Browns,hamstring strain,hamstring,Low Severity,Preseason,2016,0,0,,
Crockett Gillmore,CG-1030,Baltimore Ravens,hamstring strain,hamstring,Low Severity,Preseason,2016,0,0,,
D.J. Foster,DF-1375,New England Patriots,hamstring strain,hamstring,Low Severity,Preseason,2016,0,0,,
D.J. Hayden,DH-2150,Oakland Raiders,hamstring strain,hamstring,Low Severity,Week 12,2016,0,1,,
Daimion Stafford,DS-3450,Tennessee Titans,hamstring strain,hamstring,Low Severity,Week 11,2016,1,1,,
Daniel Lasco,DL-0412,New Orleans Saints,hamstring strain,hamstring,Medium Severity,Week 6,2016,7,9,,
Darius Butler,DB-6100,Indianapolis Colts,hamstring strain,hamstring,Low Severity,Week 2,2016,2,3,,
Darius Slay,DS-2250,Detroit Lions,hamstring strain,hamstring,Low Severity,Week 14,2016,1,3,,
Darius Slay,DS-2250,Detroit Lions,hamstring strain,hamstring,Low Severity,Week 7,2016,2,2,,
Darqueze Dennard,DD-0950,Cincinnati Bengals,hamstring strain,hamstring,Low Severity,Week 2,2016,0,1,,
Darrelle Revis,DR-1100,New York Jets,hamstring strain,hamstring,Low Severity,Week 4,2016,1,2,,
Dashaun Phillips,DP-1268,Washington Redskins,hamstring strain,hamstring,Medium Severity,Week 3,2016,3,3,,
Dashon Goldson,DG-1300,Atlanta Falcons,hamstring strain,hamstring,Low Severity,Preseason,2016,0,1,,
David Grinnage,DG-9901,,hamstring strain,hamstring,Low Severity,Preseason,2016,0,0,,
Dean Marlowe,DM-0250,Carolina Panthers,hamstring strain,hamstring,Low Severity,Preseason,2016,1,2,,
DeAndre Elliott,DE-0750,Seattle Seahawks,hamstring strain,hamstring,Low Severity,Week 7,2016,2,3,,
DeAndre Smelter,DS-2325,San Francisco 49Ers,hamstring strain,hamstring,Low Severity,Preseason,2016,0,0,,
Delanie Walker,DW-0500,Tennessee Titans,hamstring strain,hamstring,Low Severity,Week 2,2016,1,2,,
Deon Bush,DB-5950,Chicago Bears,hamstring strain,hamstring,Low Severity,Preseason,2016,1,1,,
DeSean Jackson,DJ-0200,Washington Redskins,hamstring strain,hamstring,Low Severity,Week 7,2016,1,2,,
DeShawn Shead,DS-1730,Seattle Seahawks,hamstring strain,hamstring,Low Severity,Week 11,2016,1,1,,
DeVante Parker,DP-0350,Miami Dolphins,hamstring strain,hamstring,Low Severity,Preseason,2016,1,8,,
Devin Fuller,DF-2150,Atlanta Falcons,hamstring strain,hamstring,Low Severity,Preseason,2016,0,0,,
Dexter McCluster,DM-1200,San Diego Chargers,hamstring strain,hamstring,Low Severity,Week 5,2016,0,1,,
Don Carey,DC-0400,Detroit Lions,hamstring strain,hamstring,Low Severity,Week 11,2016,2,4,,
Donte Moncrief,DM-2775,Indianapolis Colts,hamstring strain,hamstring,Low Severity,Week 11,2016,0,1,,
Donte Moncrief,DM-2775,Indianapolis Colts,hamstring strain,hamstring,Low Severity,Week 14,2016,1,1,,
Donteea Dye,DD-3050,Tampa Bay Buccaneers,hamstring strain,hamstring,High Severity,Preseason,2016,16,16,,
Dorial Green-Beckham,DG-2650,Philadelphia Eagles,hamstring strain,hamstring,Low Severity,Preseason,2016,0,0,,
Doug Martin,DM-0450,Tampa Bay Buccaneers,hamstring strain,hamstring,Medium Severity,Week 2,2016,6,7,,
Dre Kirkpatrick,DK-0750,Cincinnati Bengals,hamstring strain,hamstring,Low Severity,Week 3,2016,1,1,,
Earl Thomas,ET-0200,Seattle Seahawks,hamstring strain,hamstring,Low Severity,Week 11,2016,1,1,,
Eli Apple,EA-0575,New York Giants,hamstring strain,hamstring,Low Severity,Week 3,2016,1,2,,
Eric Rowe,ER-0475,New England Patriots,hamstring strain,hamstring,Low Severity,Week 13,2016,1,2,,
Ezekiel Elliott,EE-0250,Dallas Cowboys,hamstring strain,hamstring,Low Severity,Preseason,2016,0,0,,
Geronimo Allison,GA-0250,Green Bay Packers,hamstring strain,hamstring,Low Severity,Postseason,2016,0,1,,
Ibraheim Campbell,IC-0050,Cleveland Browns,hamstring strain,hamstring,Low Severity,Week 2,2016,2,3,,
Isaiah Pead,IP-0050,Miami Dolphins,hamstring strain,hamstring,Low Severity,Preseason,2016,0,1,,
James Wright,JW-6545,Cincinnati Bengals,hamstring strain,hamstring,Medium Severity,Week 4,2016,4,4,,
Jamison Crowder,JC-5680,Washington Redskins,hamstring strain,hamstring,Low Severity,Preseason,2016,0,0,,
Jay Prosch,JP-4187,Houston Texans,hamstring strain,hamstring,Low Severity,Week 11,2016,0,1,,
Jeff Heuerman,JH-3625,Denver Broncos,hamstring strain,hamstring,Low Severity,Preseason,2016,2,2,,
Jermaine Gresham,JG-3700,Arizona Cardinals,hamstring strain,hamstring,Low Severity,Preseason,2016,0,0,,
John Brown,JB-6950,Arizona Cardinals,hamstring strain,hamstring,Low Severity,Week 6,2016,1,1,,
Jonathan Stewart,JS-6700,Carolina Panthers,hamstring strain,hamstring,Medium Severity,Week 2,2016,3,4,,
Josh Hawkins,JH-2875,Green Bay Packers,hamstring strain,hamstring,Low Severity,Preseason,2016,2,2,,
Ka'Deem Carey,KC-0250,Chicago Bears,hamstring strain,hamstring,Low Severity,Week 2,2016,2,5,,
Kareem Jackson,KJ-0100,Houston Texans,hamstring strain,hamstring,Low Severity,Week 4,2016,2,2,,
Kayvon Webster,KW-0850,Denver Broncos,hamstring strain,hamstring,Low Severity,Week 4,2016,2,3,,
Keith Marshall,KM-0350,Washington Redskins,hamstring strain,hamstring,Low Severity,Preseason,2016,0,0,,
Kendall Wright,KW-2550,Tennessee Titans,hamstring strain,hamstring,Medium Severity,Preseason,2016,3,3,,
Kenyan Drake,KD-1462,Miami Dolphins,hamstring strain,hamstring,Low Severity,Preseason,2016,0,1,,
Kevin White,KW-0887,Chicago Bears,hamstring strain,hamstring,Low Severity,Preseason,2016,0,1,,
Kevon Seymour,KS-0450,Buffalo Bills,hamstring strain,hamstring,Low Severity,Preseason,2016,1,2,,
Laquon Treadwell,LT-0862,Minnesota Vikings,hamstring strain,hamstring,Low Severity,Week 9,2016,1,1,,
Leodis McKelvin,LM-1100,Philadelphia Eagles,hamstring strain,hamstring,Medium Severity,Week 3,2016,3,5,,
LeSean Mccoy,LM-1000,Buffalo Bills,hamstring strain,hamstring,Low Severity,Week 7,2016,1,3,,
Malcolm Mitchell,MM-3450,New England Patriots,hamstring strain,hamstring,Low Severity,Week 5,2016,1,3,,
Marcus Burley,MB-5050,Cleveland Browns,hamstring strain,hamstring,Low Severity,Week 6,2016,2,2,,
Marqise Lee,ML-0650,Jacksonville Jaguars,hamstring strain,hamstring,Low Severity,Preseason,2016,0,0,,
Marvin Jones,MJ-2250,Detroit Lions,hamstring strain,hamstring,Low Severity,Week 3,2016,0,1,,
Matt Forte,MF-1300,New York Jets,hamstring strain,hamstring,Low Severity,Preseason,2016,0,0,,
Michael Floyd,MF-0950,Arizona Cardinals,hamstring strain,hamstring,Low Severity,Week 11,2016,0,1,,
Michael Floyd,MF-0950,Arizona Cardinals,hamstring strain,hamstring,Low Severity,Week 7,2016,0,1,,
Mike Gillislee,MG-0650,Buffalo Bills,hamstring strain,hamstring,Low Severity,Week 11,2016,1,2,,
Mike Tolbert,MT-1300,Carolina Panthers,hamstring strain,hamstring,Low Severity,Week 4,2016,0,1,,
Nick Marshall,NM-0250,New York Jets,hamstring strain,hamstring,Low Severity,Week 16,2016,1,1,,
Orlando Scandrick,OS-0200,Dallas Cowboys,hamstring strain,hamstring,Medium Severity,Week 2,2016,4,6,,
Paul Richardson,PR-0150,Seattle Seahawks,hamstring strain,hamstring,Low Severity,Week 12,2016,1,1,,
Phillip Dorsett,PD-0800,Indianapolis Colts,hamstring strain,hamstring,Low Severity,Preseason,2016,0,0,,
Prince Amukamara,PA-0300,Jacksonville Jaguars,hamstring strain,hamstring,Low Severity,Week 1,2016,2,2,,
Quintin Demps,QD-0100,Houston Texans,hamstring strain,hamstring,Low Severity,Postseason,2016,1,1,,
Quintin Demps,QD-0100,Houston Texans,hamstring strain,hamstring,Low Severity,Week 3,2016,0,1,,
Raheem Mostert,RM-5050,,hamstring strain,hamstring,Low Severity,Preseason,2016,1,1,,
Randall Cobb,RC-1500,Green Bay Packers,hamstring strain,hamstring,Low Severity,Week 7,2016,1,2,,
Rashard Robinson,RR-0925,San Francisco 49Ers,hamstring strain,hamstring,Low Severity,Week 16,2016,0,1,,
Rex Burkhead,RB-4670,Cincinnati Bengals,hamstring strain,hamstring,Low Severity,Week 4,2016,0,1,,
Ricardo Louis,RL-1325,Cleveland Browns,hamstring strain,hamstring,Low Severity,Week 8,2016,0,1,,
Rob Gronkowski,RG-2200,New England Patriots,hamstring strain,hamstring,Low Severity,Preseason,2016,2,6,,
Robby Anderson,RA-1125,New York Jets,hamstring strain,hamstring,Low Severity,Week 16,2016,0,1,,
Robert Golden,RG-1250,Pittsburgh Steelers,hamstring strain,hamstring,Low Severity,Week 3,2016,2,2,,
Robert McClain,RM-1900,Carolina Panthers,hamstring strain,hamstring,Low Severity,Week 4,2016,1,1,,
Robert McClain,RM-1900,Carolina Panthers,hamstring strain,hamstring,Low Severity,Week 6,2016,0,1,,
Ronald Darby,RD-0050,Buffalo Bills,hamstring strain,hamstring,Low Severity,Week 2,2016,1,2,,
Sammie Coates,SC-0775,Pittsburgh Steelers,hamstring strain,hamstring,Low Severity,Week 15,2016,1,1,,
Sergio Brown,SB-1600,Buffalo Bills,hamstring strain,hamstring,Low Severity,Week 12,2016,0,1,,
Shane Wynn,SW-2350,Jacksonville Jaguars,hamstring strain,hamstring,Low Severity,Week 14,2016,0,1,,
Shawn Williams,SW-1550,Cincinnati Bengals,hamstring strain,hamstring,Low Severity,Week 11,2016,1,1,,
Sherrick McManis,SM-2300,Chicago Bears,hamstring strain,hamstring,Low Severity,Week 3,2016,0,2,,
Shiloh Keo,SK-0200,New Orleans Saints,hamstring strain,hamstring,Low Severity,Week 13,2016,2,2,,
Stephen Anderson,SA-0850,Houston Texans,hamstring strain,hamstring,Medium Severity,Week 3,2016,3,3,,
T.Y. Hilton,TH-1850,Indianapolis Colts,hamstring strain,hamstring,Low Severity,Preseason,2016,0,0,,
Tashaun Gipson,TG-0950,Jacksonville Jaguars,hamstring strain,hamstring,Low Severity,Week 2,2016,0,1,,
Tashaun Gipson,TG-0950,Jacksonville Jaguars,hamstring strain,hamstring,Low Severity,Week 9,2016,0,1,,
Terrance Brooks,TB-2750,Philadelphia Eagles,hamstring strain,hamstring,Low Severity,Week 9,2016,2,2,,
Terrelle Pryor,TP-2400,Cleveland Browns,hamstring strain,hamstring,Low Severity,Week 6,2016,0,1,,
Tevin Coleman,TC-2050,Atlanta Falcons,hamstring strain,hamstring,Medium Severity,Week 7,2016,3,3,,
Tony Lippett,TL-1012,Miami Dolphins,hamstring strain,hamstring,Low Severity,Week 6,2016,0,1,,
Tony Washington,TW-1075,,hamstring strain,hamstring,Low Severity,Preseason,2016,0,2,,
Trent Richardson,TR-0350,,hamstring strain,hamstring,Low Severity,Preseason,2016,0,0,,
Trey Burton,TB-3950,Philadelphia Eagles,hamstring strain,hamstring,Low Severity,Week 9,2016,0,1,,
Trey Caldwell,TC-0075,Cleveland Browns,hamstring strain,hamstring,Low Severity,Week 16,2016,1,1,,
Will Fuller,WF-0300,Houston Texans,hamstring strain,hamstring,Low Severity,Week 5,2016,0,1,,
Zach Ertz,ZE-0100,Philadelphia Eagles,hamstring strain,hamstring,Low Severity,Week 10,2016,0,1,,
Bruce Ellington,BE-0350,San Francisco 49Ers,hamstring tear,hamstring,High Severity,Preseason,2016,16,16,,
Bruce Gradkowski,BG-1000,Pittsburgh Steelers,hamstring tear,hamstring,Medium Severity,Preseason,2016,4,4,,
Bobby McCain,BM-0775,Miami Dolphins,hand contusion,hand,Low Severity,Week 14,2016,0,1,,
Justin Simmons,JS-3150,Denver Broncos,hand contusion,hand,Low Severity,Week 2,2016,1,2,,
LeSean Mccoy,LM-1000,Buffalo Bills,hand contusion,hand,Low Severity,Week 5,2016,0,1,,
Andre Caldwell,AC-0100,,hand fracture,hand,Low Severity,Preseason,2016,0,0,,
C.J. Prosise,CP-2550,Seattle Seahawks,hand fracture,hand,Medium Severity,Week 1,2016,5,5,,
Corey Coleman,CC-3650,Cleveland Browns,hand fracture,hand,Medium Severity,Week 2,2016,6,6,,
D.J. White,DW-2325,Kansas City Chiefs,hand fracture,hand,Medium Severity,Week 7,2016,3,3,,
Darius Butler,DB-6100,Indianapolis Colts,hand fracture,hand,Low Severity,Week 5,2016,0,1,,
Nic Jacobs,NJ-0150,,hand fracture,hand,High Severity,Preseason,2016,0,0,,
Ryan Smith,RS-2350,Tampa Bay Buccaneers,hand fracture,hand,Low Severity,Preseason,2016,2,3,,
Brandon LaFell,BL-0100,Cincinnati Bengals,hand ligament tear,hand,Low Severity,Preseason,2016,0,0,,
Alex Smith,AS-1600,Kansas City Chiefs,head laceration,head,Low Severity,Week 8,2016,1,1,,
Steve Smith,SS-2100,Baltimore Ravens,high ankle sprain,ankle,Low Severity,Week 5,2016,2,3,,
Brandon Marshall,BM-0300,New York Jets,hip contusion,hip,Low Severity,Preseason,2016,0,0,,
Demaryius Thomas,DT-0900,Denver Broncos,hip contusion,hip,Low Severity,Preseason,2016,0,1,,
Jonathan Jones,JJ-4565,New England Patriots,hip contusion,hip,Low Severity,Week 7,2016,0,1,,
Kevin Norwood,KN-0450,Carolina Panthers,hip contusion,hip,Low Severity,Preseason,2016,0,0,,
Su'a Cravens,SC-1725,Washington Redskins,hip contusion,hip,Low Severity,Week 1,2016,0,2,,
C.J. Prosise,CP-2550,Seattle Seahawks,hip flexor strain,hip,Low Severity,Preseason,2016,0,0,,
Andre Holmes,AH-3600,Oakland Raiders,hip strain,hip,Low Severity,Week 7,2016,0,1,,
Brandon Marshall,BM-0330,New York Jets,hip strain,hip,Low Severity,Week 16,2016,1,1,,
Brandon Myers,BM-3800,Tampa Bay Buccaneers,hip strain,hip,Low Severity,Week 12,2016,0,1,,
Brandon Myers,BM-3800,Tampa Bay Buccaneers,hip strain,hip,Low Severity,Week 4,2016,0,1,,
Dwayne Allen,DA-0850,Indianapolis Colts,hip strain,hip,Low Severity,Week 14,2016,0,1,,
John Kuhn,JK-2200,New Orleans Saints,hip strain,hip,Low Severity,Week 15,2016,0,1,,
LeGarrette Blount,LB-0500,New England Patriots,hip strain,hip,Low Severity,Week 4,2016,0,2,,
Malcolm Butler,MB-5250,New England Patriots,hip strain,hip,Low Severity,Week 14,2016,0,1,,
Marcus Peters,MP-0950,Kansas City Chiefs,hip strain,hip,Low Severity,Week 10,2016,1,2,,
Marqise Lee,ML-0650,Jacksonville Jaguars,hip strain,hip,Low Severity,Week 16,2016,0,1,,
Melvin Gordon,MG-1150,San Diego Chargers,hip strain,hip,Medium Severity,Week 14,2016,3,3,,
Michael Thomas,MT-0850,Los Angeles Rams,hip strain,hip,Low Severity,Week 16,2016,0,2,,
Russell Shepard,RS-0975,Tampa Bay Buccaneers,hip strain,hip,Low Severity,Week 8,2016,2,3,,
Stefon Diggs,SD-0537,Minnesota Vikings,hip strain,hip,Low Severity,Week 15,2016,1,2,,
T.Y. Hilton,TH-1850,Indianapolis Colts,hip strain,hip,Low Severity,Week 5,2016,0,2,,
Vance McDonald,VM-0250,San Francisco 49Ers,hip strain,hip,Low Severity,Week 3,2016,2,3,,
Walter Powell,WP-0650,Buffalo Bills,hip strain,hip,Low Severity,Week 11,2016,0,1,,
Eric Ebron,EE-0050,Detroit Lions,knee & ankle injury,knee,Medium Severity,Week 4,2016,3,4,,
Jay Ajayi,JA-0450,Miami Dolphins,knee contusion,knee,Low Severity,Preseason,2016,0,0,,
Jordan Matthews,JM-1550,Philadelphia Eagles,knee contusion,knee,Low Severity,Preseason,2016,0,0,,
Dez Bryant,DB-5300,Dallas Cowboys,knee fracture,knee,Medium Severity,Week 3,2016,3,7,,
Jamaal Charles,JC-2300,Kansas City Chiefs,knee soreness,knee,Medium Severity,Preseason,2016,3,6,,
Jimmy Graham,JG-2900,Seattle Seahawks,knee soreness,knee,Low Severity,Week 4,2016,0,1,,
Lance Dunbar,LD-0850,Dallas Cowboys,knee soreness,knee,Medium Severity,Week 4,2016,3,4,,
Adrian Peterson,AP-0700,Minnesota Vikings,knee sprain,knee,Low Severity,Week 15,2016,2,2,,
Austin Hooper,AH-3650,Atlanta Falcons,knee sprain,knee,Low Severity,Week 15,2016,2,2,,
Braedon Bowman,BB-2475,Washington Redskins,knee sprain,knee,Low Severity,Week 4,2016,2,2,,
Brandon Bolden,BB-2250,New England Patriots,knee sprain,knee,Low Severity,Week 4,2016,2,3,,
Bryce Williams,BW-2450,Los Angeles Rams,knee sprain,knee,Medium Severity,Preseason,2016,4,4,,
Charles Sims,CS-1950,Tampa Bay Buccaneers,knee sprain,knee,High Severity,Week 4,2016,8,8,,
Chris Matthews,CM-0850,Baltimore Ravens,knee sprain,knee,High Severity,Preseason,2016,16,16,,
David Morgan,DM-3550,Minnesota Vikings,knee sprain,knee,Low Severity,Week 3,2016,2,2,,
Dennis Parks,DP-0356,,knee sprain,knee,High Severity,Preseason,2016,16,16,,
Jake Coker,JC-3450,Washington Redskins,knee sprain,knee,High Severity,Preseason,2016,16,16,,
Jordan Richards,JR-2150,New England Patriots,knee sprain,knee,Medium Severity,Week 12,2016,3,4,,
Keanu Neal,KN-0125,Atlanta Falcons,knee sprain,knee,Low Severity,Preseason,2016,2,2,,
Kyle Fuller,KF-0500,Chicago Bears,knee sprain,knee,Medium Severity,Preseason,2016,3,3,,
Michael Hoomanawanui,MH-3300,New Orleans Saints,knee sprain,knee,High Severity,Preseason,2016,16,16,,
Nelson Spruce,NS-0718,Los Angeles Rams,knee sprain,knee,Medium Severity,Preseason,2016,6,6,,
Phillip Gaines,PG-0050,Kansas City Chiefs,knee sprain,knee,Low Severity,Week 1,2016,2,2,,
Phillip Gaines,PG-0050,Kansas City Chiefs,knee sprain,knee,Low Severity,Week 14,2016,2,3,,
Rajion Neal,RN-0075,Cleveland Browns,knee sprain,knee,High Severity,Preseason,2016,16,16,,
Robert Woods,RW-4050,Buffalo Bills,knee sprain,knee,Low Severity,Week 11,2016,2,4,,
Ryan Mathews,RM-1200,Philadelphia Eagles,knee sprain,knee,Low Severity,Week 11,2016,2,3,,
Ryan Tannehill,RT-0150,Miami Dolphins,knee sprain,knee,Medium Severity,Week 14,2016,3,3,,
Seth Devalve,SD-0534,Cleveland Browns,knee sprain,knee,Medium Severity,Week 4,2016,4,4,,
Taiwan Jones,TJ-2400,Oakland Raiders,knee sprain,knee,Medium Severity,Week 2,2016,3,7,,
Tramon Williams,TW-2700,Cleveland Browns,knee sprain,knee,Low Severity,Week 10,2016,2,2,,
Trey Millard,TM-2750,Washington Redskins,knee sprain,knee,High Severity,Preseason,2016,16,16,,
Tyler Kroft,TK-0850,Cincinnati Bengals,knee sprain,knee,Low Severity,Week 15,2016,2,2,,
Xavien Howard,XH-0100,Miami Dolphins,knee sprain,knee,High Severity,Week 2,2016,9,11,,
Allen Hurns,AH-3900,Jacksonville Jaguars,knee strain,knee,Low Severity,Preseason,2016,0,0,,
Alshon Jeffery,AJ-0430,Chicago Bears,knee strain,knee,Low Severity,Week 2,2016,0,2,,
Andrew Sendejo,AS-0600,Minnesota Vikings,knee strain,knee,Low Severity,Week 16,2016,1,1,,
Bennie Fowler,BF-0950,Denver Broncos,knee strain,knee,Low Severity,Week 12,2016,1,3,,
Benny Cunningham,BC-3070,Los Angeles Rams,knee strain,knee,Low Severity,Week 2,2016,0,1,,
Bernard Reedy,BR-0250,,knee strain,knee,Low Severity,Preseason,2016,0,0,,
Bilal Powell,BP-1200,New York Jets,knee strain,knee,Low Severity,Week 16,2016,0,1,,
Bobby McCain,BM-0775,Miami Dolphins,knee strain,knee,Low Severity,Week 15,2016,0,1,,
Bradley Marquez,BM-0250,Los Angeles Rams,knee strain,knee,Low Severity,Week 15,2016,0,1,,
Brandon Marshall,BM-0330,New York Jets,knee strain,knee,Low Severity,Week 14,2016,0,1,,
Bryce Callahan,BC-0150,Chicago Bears,knee strain,knee,Low Severity,Week 14,2016,1,2,,
Buster Skrine,BS-2300,New York Jets,knee strain,knee,Low Severity,Week 7,2016,1,2,,
Charles Clay,CC-2100,Buffalo Bills,knee strain,knee,Low Severity,Week 11,2016,1,6,,
Charles Clay,CC-2100,Buffalo Bills,knee strain,knee,Low Severity,Week 2,2016,0,5,,
Charles Johnson,CJ-1300,Minnesota Vikings,knee strain,knee,Low Severity,Week 16,2016,0,1,,
Chris Culliver,CC-5300,Miami Dolphins,knee strain,knee,Low Severity,Week 9,2016,1,1,,
Clive Walford,CW-0225,Oakland Raiders,knee strain,knee,Low Severity,Week 4,2016,1,2,,
Cody Latimer,CL-0275,Denver Broncos,knee strain,knee,Low Severity,Preseason,2016,0,0,,
Cre'von LeBlanc,CL-0450,Chicago Bears,knee strain,knee,Low Severity,Week 16,2016,1,2,,
Cyrus Jones,CJ-2350,New England Patriots,knee strain,knee,Low Severity,Week 16,2016,1,1,,
Damarious Randall,DR-0450,Green Bay Packers,knee strain,knee,Low Severity,Week 17,2016,0,1,,
Danny Amendola,DA-0900,New England Patriots,knee strain,knee,Medium Severity,Preseason,2016,0,0,,
David Amerson,DA-0950,Oakland Raiders,knee strain,knee,Low Severity,Week 11,2016,1,2,,
Derek Carrier,DC-0775,Washington Redskins,knee strain,knee,Low Severity,Week 13,2016,0,1,,
Devin Funchess,DF-2200,Carolina Panthers,knee strain,knee,Low Severity,Week 16,2016,1,1,,
Ed Reynolds,ER-0175,Cleveland Browns,knee strain,knee,Low Severity,Week 11,2016,0,1,,
Eric Ebron,EE-0050,Detroit Lions,knee strain,knee,Low Severity,Week 13,2016,0,3,,
Hunter Henry,HH-0225,San Diego Chargers,knee strain,knee,Low Severity,Week 8,2016,1,2,,
Isa Abdul-Quddus,IA-0100,Miami Dolphins,knee strain,knee,Low Severity,Week 5,2016,0,1,,
Jake Lampman,JL-0209,New Orleans Saints,knee strain,knee,Low Severity,Week 7,2016,1,2,,
Jalen Collins,JC-3525,Atlanta Falcons,knee strain,knee,Low Severity,Week 14,2016,1,1,,
Jalen Richard,JR-2075,Oakland Raiders,knee strain,knee,Low Severity,Preseason,2016,0,0,,
James Wright,JW-6545,Cincinnati Bengals,knee strain,knee,Low Severity,Week 13,2016,1,2,,
Jaquiski Tartt,JT-0650,San Francisco 49Ers,knee strain,knee,Low Severity,Week 2,2016,0,1,,
Jaron Brown,JB-6750,Arizona Cardinals,knee strain,knee,Low Severity,Week 6,2016,0,1,,
Jeff Heath,JH-3210,Dallas Cowboys,knee strain,knee,Low Severity,Week 3,2016,0,1,,
Jeremy Hill,JH-4025,Cincinnati Bengals,knee strain,knee,Low Severity,Week 15,2016,1,2,,
Jermaine Gresham,JG-3700,Arizona Cardinals,knee strain,knee,Low Severity,Week 14,2016,0,1,,
Justin Gilbert,JG-1250,Pittsburgh Steelers,knee strain,knee,Low Severity,Week 4,2016,1,1,,
Justin Perillo,JP-2050,Green Bay Packers,knee strain,knee,Low Severity,Preseason,2016,0,1,,
Juston Burris,JB-7950,New York Jets,knee strain,knee,Low Severity,Week 16,2016,0,1,,
Kelvin Benjamin,KB-0950,Carolina Panthers,knee strain,knee,Low Severity,Week 5,2016,0,1,,
Ken Crawley,KC-2550,New Orleans Saints,knee strain,knee,Low Severity,Week 16,2016,1,1,,
Kennard Backman,KB-0050,Green Bay Packers,knee strain,knee,Low Severity,Preseason,2016,0,0,,
Kenyan Drake,KD-1462,Miami Dolphins,knee strain,knee,Low Severity,Week 11,2016,0,3,,
Leonte Carroo,LC-0150,Miami Dolphins,knee strain,knee,Low Severity,Week 9,2016,0,1,,
Malcolm Mitchell,MM-3450,New England Patriots,knee strain,knee,Low Severity,Week 16,2016,1,1,,
MarQueis Gray,MG-1250,Miami Dolphins,knee strain,knee,Low Severity,Preseason,2016,0,0,,
Matt Jones,MJ-2275,Washington Redskins,knee strain,knee,Low Severity,Week 7,2016,1,1,,
Maxx Williams,MW-2450,Baltimore Ravens,knee strain,knee,Low Severity,Preseason,2016,0,1,,
Patrick Robinson,PR-0400,Indianapolis Colts,knee strain,knee,Low Severity,Week 5,2016,1,1,,
Phillip Gaines,PG-0050,Kansas City Chiefs,knee strain,knee,Low Severity,Week 4,2016,1,1,,
Quincy Enunwa,QE-0100,New York Jets,knee strain,knee,Low Severity,Week 4,2016,0,1,,
Rajion Neal,RN-0075,Cleveland Browns,knee strain,knee,Low Severity,Preseason,2016,0,0,,
Rashaan Melvin,RM-3850,Indianapolis Colts,knee strain,knee,Low Severity,Week 15,2016,0,2,,
Rashard Robinson,RR-0925,San Francisco 49Ers,knee strain,knee,Low Severity,Week 10,2016,0,1,,
Reshad Jones,RJ-2000,Miami Dolphins,knee strain,knee,Low Severity,Week 3,2016,0,1,,
Rhett Ellison,RE-0400,Minnesota Vikings,knee strain,knee,Low Severity,Week 4,2016,1,1,,
Rob Kelley,RK-0150,Washington Redskins,knee strain,knee,Low Severity,Week 16,2016,0,1,,
Ryan Fitzpatrick,RF-0500,New York Jets,knee strain,knee,Low Severity,Week 9,2016,0,1,,
Shiloh Keo,SK-0200,Denver Broncos,knee strain,knee,Low Severity,Week 3,2016,1,2,,
Stefon Diggs,SD-0537,Minnesota Vikings,knee strain,knee,Low Severity,Week 11,2016,1,2,,
Stepfan Taylor,ST-0250,Arizona Cardinals,knee strain,knee,Low Severity,Preseason,2016,0,2,,
T.J. Green,TG-1575,Indianapolis Colts,knee strain,knee,Low Severity,Preseason,2016,1,2,,
T.J. Green,TG-1575,Indianapolis Colts,knee strain,knee,Low Severity,Week 6,2016,1,1,,
T.Y. Hilton,TH-1850,Indianapolis Colts,knee strain,knee,Low Severity,Week 2,2016,0,1,,
Tajae Sharpe,TS-1262,Tennessee Titans,knee strain,knee,Low Severity,Week 7,2016,0,1,,
Tom Brady,TB-2300,New England Patriots,knee strain,knee,Low Severity,Week 11,2016,0,2,,
Tracy Porter,TP-2000,Chicago Bears,knee strain,knee,Low Severity,Week 2,2016,0,9,,
Travis Benjamin,TB-1060,San Diego Chargers,knee strain,knee,Low Severity,Week 9,2016,1,5,,
Tyler Kroft,TK-0850,Cincinnati Bengals,knee strain,knee,Low Severity,Preseason,2016,0,0,,
Tyler Lockett,TL-1025,Seattle Seahawks,knee strain,knee,Low Severity,Week 2,2016,0,1,,
Tyrell Williams,TW-2875,San Diego Chargers,knee strain,knee,Low Severity,Week 7,2016,0,3,,
Will Fuller,WF-0300,Houston Texans,knee strain,knee,Low Severity,Week 9,2016,1,2,,
Xavier Rhodes,XR-0100,Minnesota Vikings,knee strain,knee,Low Severity,Week 1,2016,1,2,,
Jordy Nelson,JN-0900,Green Bay Packers,knee tendinitis,knee,Low Severity,Preseason,2016,0,0,,
Jalin Marshall,JM-0887,New York Jets,labrum tear,shoulder,Low Severity,Week 3,2016,2,2,,
Connor Shaw,CS-1350,Chicago Bears,lower leg fracture,leg,High Severity,Preseason,2016,16,16,,
Khiry Robinson,KR-1050,New York Jets,lower leg fracture,leg,High Severity,Preseason,2016,15,16,,
Rob Gronkowski,RG-2200,New England Patriots,lung puncture,lung,Low Severity,Week 10,2016,1,2,,
Brandon Marshall,BM-0300,New York Jets,MCL sprain,knee,Low Severity,Week 2,2016,0,1,,
Bryce Treggs,BT-0975,Philadelphia Eagles,MCL sprain,knee,Low Severity,Preseason,2016,1,1,,
Kenneth Dixon,KD-1050,Baltimore Ravens,MCL sprain,knee,Medium Severity,Preseason,2016,4,5,,
Larry Fitzgerald,LF-0200,Arizona Cardinals,MCL sprain,knee,Low Severity,Preseason,2016,0,0,,
MyCole Pruitt,MP-2350,Minnesota Vikings,MCL sprain,knee,Medium Severity,Preseason,2016,3,3,,
DeAngelo Williams,DW-3600,Pittsburgh Steelers,meniscus tear,knee,Medium Severity,Week 6,2016,7,7,,
Blake Annen,BA-0862,Buffalo Bills,neck sprain,neck,High Severity,Preseason,2016,16,16,,
Aaron Williams,AW-1200,Buffalo Bills,neck strain,neck,Low Severity,Week 7,2016,1,1,,
Benny Cunningham,BC-3070,Los Angeles Rams,neck strain,neck,Low Severity,Week 13,2016,4,4,,
Isa Abdul-Quddus,IA-0100,Miami Dolphins,neck strain,neck,Low Severity,Week 13,2016,0,2,,
Joe Haden,JH-0100,Cleveland Browns,neck strain,neck,Low Severity,Week 16,2016,0,1,,
Phillip Gaines,PG-0050,Kansas City Chiefs,neck strain,neck,Low Severity,Week 10,2016,0,1,,
Quinten Rollins,QR-0100,Green Bay Packers,neck strain,neck,Low Severity,Week 17,2016,2,3,,
Rashad Johnson,RJ-0900,Tennessee Titans,neck strain,neck,Low Severity,Week 7,2016,2,2,,
Ryan Malleck,RM-0250,,neck strain,neck,Low Severity,Preseason,2016,16,16,,
Shiloh Keo,SK-0200,New Orleans Saints,neck strain,neck,Low Severity,Week 11,2016,0,1,,
Steven Nelson,SN-0450,Kansas City Chiefs,neck strain,neck,Low Severity,Week 11,2016,1,1,,
Tavon Wilson,TW-3250,Detroit Lions,neck strain,neck,Low Severity,Week 3,2016,1,2,,
Terence Newman,TN-0400,Minnesota Vikings,neck strain,neck,Low Severity,Week 11,2016,1,2,,
Rob Gronkowski,RG-2200,New England Patriots,pectoral strain,chest,Low Severity,Preseason,2016,0,0,,
Desmond Trufant,DT-1970,Atlanta Falcons,pectoral tear,chest,Low Severity,Week 11,2016,1,1,,
Ryan Spadola,RS-2450,Detroit Lions,pectoral tear,chest,High Severity,Preseason,2016,16,16,,
Neal Sterling,NS-0725,Jacksonville Jaguars,plantar fasciitis,foot,Low Severity,Week 6,2016,2,3,,
Benny Cunningham,BC-3070,Los Angeles Rams,quadriceps strain,quad,Low Severity,Week 4,2016,1,1,,
Brent Grimes,BG-2100,Tampa Bay Buccaneers,quadriceps strain,quad,Low Severity,Week 11,2016,0,1,,
Charles Johnson,CJ-1450,Minnesota Vikings,quadriceps strain,quad,Low Severity,Preseason,2016,0,1,,
Crockett Gillmore,CG-1030,Baltimore Ravens,quadriceps strain,quad,Medium Severity,Week 8,2016,8,8,,
Derron Smith,DS-2950,Cincinnati Bengals,quadriceps strain,quad,Medium Severity,Week 11,2016,4,4,,
Devin Hester,DH-2700,Baltimore Ravens,quadriceps strain,quad,Low Severity,Week 3,2016,1,4,,
E.J. Gaines,EG-0050,Los Angeles Rams,quadriceps strain,quad,Medium Severity,Preseason,2016,3,4,,
E.j. Gaines,EG-0050,Los Angeles Rams,quadriceps strain,quad,Low Severity,Week 14,2016,1,1,,
J.J. Wilcox,JW-3050,Dallas Cowboys,quadriceps strain,quad,Low Severity,Week 12,2016,2,4,,
Jaquiski Tartt,JT-0650,San Francisco 49Ers,quadriceps strain,quad,Low Severity,Week 5,2016,1,1,,
Jared Abbrederis,JA-0050,Green Bay Packers,quadriceps strain,quad,Low Severity,Week 6,2016,1,1,,
Jerraud Powers,JP-4100,Baltimore Ravens,quadriceps strain,quad,Low Severity,Week 6,2016,0,1,,
Jimmie Ward,JW-0750,San Francisco 49Ers,quadriceps strain,quad,Medium Severity,Week 3,2016,3,3,,
Jonas Gray,JG-3050,,quadriceps strain,quad,Low Severity,Preseason,2016,0,0,,
Jordan Cameron,JC-0400,Miami Dolphins,quadriceps strain,quad,Low Severity,Week 1,2016,0,1,,
Josh Gordon,JG-2450,Cleveland Browns,quadriceps strain,quad,Low Severity,Preseason,2016,0,0,,
Kamar Aiken,KA-0400,Baltimore Ravens,quadriceps strain,quad,Low Severity,Week 12,2016,0,1,,
Kamar Aiken,KA-0400,Baltimore Ravens,quadriceps strain,quad,Low Severity,Week 3,2016,0,2,,
Kendrick Lewis,KL-0800,Baltimore Ravens,quadriceps strain,quad,Low Severity,Week 5,2016,1,2,,
Kenny Britt,KB-1900,Los Angeles Rams,quadriceps strain,quad,Low Severity,Week 4,2016,0,2,,
Lardarius Webb,LW-0700,Baltimore Ravens,quadriceps strain,quad,Low Severity,Week 8,2016,0,1,,
Lorenzo Taliaferro,LT-0050,Baltimore Ravens,quadriceps strain,quad,Medium Severity,Week 11,2016,4,4,,
Markus Wheaton,MW-1250,Pittsburgh Steelers,quadriceps strain,quad,Low Severity,Preseason,2016,0,0,,
Marvin Jones,MJ-2200,Detroit Lions,quadriceps strain,quad,Low Severity,Week 12,2016,1,3,,
Mo Alexander,MA-0450,Los Angeles Rams,quadriceps strain,quad,Low Severity,Week 2,2016,0,1,,
Morgan Burnett,MB-5100,Green Bay Packers,quadriceps strain,quad,Low Severity,Postseason,2016,0,1,,
Nate Allen,NA-0100,Oakland Raiders,quadriceps strain,quad,Low Severity,Week 3,2016,2,3,,
Shareece Wright,SW-2300,Baltimore Ravens,quadriceps strain,quad,Medium Severity,Week 6,2016,3,4,,
Sheldon Price,SP-1750,Baltimore Ravens,quadriceps strain,quad,Low Severity,Week 3,2016,1,2,,
Steve Smith,SS-2000,Baltimore Ravens,quadriceps strain,quad,Low Severity,Week 15,2016,0,1,,
Todd Gurley,TG-1950,Los Angeles Rams,quadriceps strain,quad,Low Severity,Week 9,2016,0,2,,
Tom Brady,TB-2300,New England Patriots,quadriceps strain,quad,Low Severity,Week 15,2016,0,2,,
Tony Lippett,TL-1012,Miami Dolphins,quadriceps strain,quad,Low Severity,Week 17,2016,0,1,,
Tyler Lockett,TL-1025,Seattle Seahawks,quadriceps strain,quad,Low Severity,Week 7,2016,0,1,,
Wendell Smallwood,WS-0650,Philadelphia Eagles,quadriceps strain,quad,Low Severity,Preseason,2016,0,0,,
Xavien Howard,XH-0100,Miami Dolphins,quadriceps strain,quad,Low Severity,Week 3,2016,0,1,,
Xavier Grimble,XG-0100,Pittsburgh Steelers,quadriceps strain,quad,Low Severity,Week 10,2016,3,3,,
Kenny Cook,KC-2250,,quadriceps tear,quad,Low Severity,Preseason,2016,0,0,,
Brent Celek,BC-0700,Philadelphia Eagles,rib contusion,rib,Low Severity,Week 9,2016,0,1,,
Brian Tyms,BT-1300,,rib contusion,rib,Low Severity,Preseason,2016,0,0,,
Don Carey,DC-0400,Detroit Lions,rib contusion,rib,Low Severity,Week 4,2016,0,2,,
Doug Martin,DM-0450,Tampa Bay Buccaneers,rib contusion,rib,Low Severity,Preseason,2016,0,0,,
Jonathan Williams,JW-4625,Buffalo Bills,rib contusion,rib,Low Severity,Preseason,2016,1,1,,
Mike Wallace,MW-0500,Baltimore Ravens,rib contusion,rib,Low Severity,Week 5,2016,0,1,,
Quincy Enunwa,QE-0100,New York Jets,rib contusion,rib,Low Severity,Week 14,2016,0,1,,
Spencer Ware,SW-0350,Kansas City Chiefs,rib contusion,rib,Low Severity,Week 16,2016,1,1,,
Xavier Grimble,XG-0100,Pittsburgh Steelers,rib contusion,rib,Low Severity,Week 16,2016,0,1,,
Zach Miller,ZM-0250,Chicago Bears,rib contusion,rib,Low Severity,Week 4,2016,0,3,,
Carson Wentz,CW-1425,Philadelphia Eagles,rib fracture,rib,Low Severity,Preseason,2016,0,0,,
Coty Sensabaugh,CS-1250,New York Giants,rib fracture,rib,Low Severity,Week 13,2016,0,1,,
Johnathan Joseph,JJ-5000,Houston Texans,rib fracture,rib,Medium Severity,Week 13,2016,3,4,,
Jordy Nelson,JN-0900,Green Bay Packers,rib fracture,rib,Low Severity,Postseason,2016,0,1,,
Marcus Sherels,MS-1300,Minnesota Vikings,rib fracture,rib,Medium Severity,Week 11,2016,3,3,,
Tyler Ervin,TE-0350,Houston Texans,rib fracture,rib,Medium Severity,Week 11,2016,4,4,,
Zach Ertz,ZE-0100,Philadelphia Eagles,rib fracture,rib,Low Severity,Week 1,2016,2,2,,
Donte Moncrief,DM-2775,Indianapolis Colts,scapula fracture,shoulder,Medium Severity,Week 2,2016,5,6,,
Quan Bray,QB-0250,Indianapolis Colts,shin contusion,shin,Low Severity,Week 5,2016,0,1,,
Bryce Petty,BP-0625,New York Jets,shoulder contusion,shoulder,Medium Severity,Preseason,2016,5,5,,
C.J. Prosise,CP-2550,Seattle Seahawks,shoulder fracture,shoulder,High Severity,Week 11,2016,5,5,,
Josh McCown,JM-2900,Cleveland Browns,shoulder fracture,shoulder,Medium Severity,Week 2,2016,5,5,,
Andrew Luck,AL-1100,Indianapolis Colts,shoulder inflammation,shoulder,Low Severity,Week 2,2016,0,1,,
Brent Celek,BC-0700,Philadelphia Eagles,shoulder nerve injury,shoulder,Low Severity,Week 14,2016,0,1,,
Cordarrelle Patterson,CP-0750,Minnesota Vikings,shoulder separation,shoulder,Low Severity,Preseason,2016,0,0,,
Tyrann Mathieu,TM-0850,Arizona Cardinals,shoulder separation,shoulder,Medium Severity,Week 9,2016,6,6,,
Canaan Severin,CS-1325,Pittsburgh Steelers,shoulder sprain,shoulder,High Severity,Preseason,2016,16,16,,
Cardale Jones,CJ-1850,Buffalo Bills,shoulder sprain,shoulder,Medium Severity,Preseason,2016,4,4,,
Garrett Graham,GG-0400,Denver Broncos,shoulder sprain,shoulder,Low Severity,Preseason,2016,0,0,,
Glenn Winston,GW-1675,Cleveland Browns,shoulder sprain,shoulder,High Severity,Preseason,2016,16,16,,
John Crockett,JC-5670,Green Bay Packers,shoulder sprain,shoulder,High Severity,Preseason,2016,16,16,,
Markus Wheaton,MW-1250,Pittsburgh Steelers,shoulder sprain,shoulder,Medium Severity,Preseason,2016,2,2,,
Matt Jones,MJ-2275,Washington Redskins,shoulder sprain,shoulder,Low Severity,Preseason,2016,0,1,,
Pharoh Cooper,PC-0625,Los Angeles Rams,shoulder sprain,shoulder,Medium Severity,Preseason,2016,3,3,,
Tre Madden,TM-0150,Seattle Seahawks,shoulder sprain,shoulder,High Severity,Preseason,2016,16,16,,
Trevor Davis,TD-0737,Green Bay Packers,shoulder sprain,shoulder,Low Severity,Preseason,2016,1,2,,
Vance McDonald,VM-0250,San Francisco 49Ers,shoulder sprain,shoulder,Medium Severity,Week 14,2016,3,3,,
Amari Cooper,AC-2350,Oakland Raiders,shoulder strain,shoulder,Low Severity,Week 14,2016,0,4,,
Andre Holmes,AH-3600,Oakland Raiders,shoulder strain,shoulder,Low Severity,Week 16,2016,0,2,,
Andre Roberts,AR-1100,Detroit Lions,shoulder strain,shoulder,Low Severity,Week 16,2016,0,2,,
Andrew Adams,AA-0075,New Orleans Saints,shoulder strain,shoulder,Low Severity,Week 9,2016,0,1,,
Brandon Marshall,BM-0330,New York Jets,shoulder strain,shoulder,Low Severity,Week 15,2016,0,1,,
Braxton Miller,BM-2350,Houston Texans,shoulder strain,shoulder,Low Severity,Week 13,2016,4,4,,
Brynden Trawick,BT-0950,Oakland Raiders,shoulder strain,shoulder,Low Severity,Week 5,2016,1,2,,
Brynden Trawick,BT-0950,Oakland Raiders,shoulder strain,shoulder,Low Severity,Week 6,2016,1,2,,
Cam Newton,CN-0600,Carolina Panthers,shoulder strain,shoulder,Low Severity,Week 14,2016,0,2,,
Cameron Meredith,CM-2245,Chicago Bears,shoulder strain,shoulder,Low Severity,Week 7,2016,0,1,,
Carlos Hyde,CH-5000,San Francisco 49Ers,shoulder strain,shoulder,Medium Severity,Week 6,2016,2,3,,
Chris Hogan,CH-3350,New England Patriots,shoulder strain,shoulder,Low Severity,Preseason,2016,0,2,,
Cole Wick,CW-1975,Detroit Lions,shoulder strain,shoulder,Low Severity,Week 1,2016,1,2,,
Corey White,CW-1850,Buffalo Bills,shoulder strain,shoulder,Low Severity,Week 4,2016,1,2,,
Craig Mager,CM-0150,San Diego Chargers,shoulder strain,shoulder,Medium Severity,Week 14,2016,3,3,,
Craig Mager,CM-0150,San Diego Chargers,shoulder strain,shoulder,Low Severity,Week 4,2016,0,2,,
Damarious Randall,DR-0450,Green Bay Packers,shoulder strain,shoulder,Low Severity,Week 16,2016,0,2,,
Darren Fells,DF-0550,Arizona Cardinals,shoulder strain,shoulder,Low Severity,Week 4,2016,1,1,,
Delvin Breaux,DB-3750,New Orleans Saints,shoulder strain,shoulder,Low Severity,Week 14,2016,2,2,,
DeSean Jackson,DJ-0200,Washington Redskins,shoulder strain,shoulder,Low Severity,Week 6,2016,0,3,,
Desmond Trufant,DT-1970,Atlanta Falcons,shoulder strain,shoulder,Low Severity,Week 9,2016,1,1,,
Donte Moncrief,DM-2775,Indianapolis Colts,shoulder strain,shoulder,Low Severity,Week 16,2016,1,1,,
J.J. Nelson,JN-0625,Arizona Cardinals,shoulder strain,shoulder,Low Severity,Week 1,2016,1,1,,
Jace Amaro,JA-1250,Tennessee Titans,shoulder strain,shoulder,Low Severity,Week 5,2016,1,1,,
Jacob Tamme,JT-0300,Atlanta Falcons,shoulder strain,shoulder,Low Severity,Week 8,2016,2,2,,
Jake Coker,JC-3450,,shoulder strain,shoulder,Low Severity,Preseason,2016,0,0,,
Jalen Richard,JR-2075,Oakland Raiders,shoulder strain,shoulder,Low Severity,Week 16,2016,0,1,,
Jarvis Landry,JL-0215,Miami Dolphins,shoulder strain,shoulder,Low Severity,Week 3,2016,0,1,,
Jarvis Landry,JL-0215,Miami Dolphins,shoulder strain,shoulder,Low Severity,Week 9,2016,0,3,,
Jay Ajayi,JA-0450,Miami Dolphins,shoulder strain,shoulder,Low Severity,Week 16,2016,0,1,,
Jerell Adams,JA-0245,New York Giants,shoulder strain,shoulder,Low Severity,Week 16,2016,1,1,,
Joe Flacco,JF-1900,Baltimore Ravens,shoulder strain,shoulder,Low Severity,Week 6,2016,0,1,,
Johnathan Joseph,JJ-5000,Houston Texans,shoulder strain,shoulder,Low Severity,Week 16,2016,1,2,,
Jordan Reed,JR-1150,Washington Redskins,shoulder strain,shoulder,Low Severity,Week 12,2016,2,5,,
Josh Bellamy,JB-2950,Chicago Bears,shoulder strain,shoulder,Low Severity,Preseason,2016,0,1,,
Josh Bellamy,JB-2950,Chicago Bears,shoulder strain,shoulder,Low Severity,Week 13,2016,0,1,,
Ka'Deem Carey,KC-0250,Chicago Bears,shoulder strain,shoulder,Low Severity,Week 15,2016,1,1,,
Kenny Britt,KB-1900,Los Angeles Rams,shoulder strain,shoulder,Low Severity,Week 16,2016,1,1,,
Kevon Seymour,KS-0450,Buffalo Bills,shoulder strain,shoulder,Low Severity,Week 6,2016,0,1,,
Lamar Miller,LM-1150,Houston Texans,shoulder strain,shoulder,Low Severity,Week 7,2016,0,1,,
Matt McGloin,MM-2570,Oakland Raiders,shoulder strain,shoulder,Low Severity,Week 17,2016,0,1,,
Matt Moore,MM-4700,Miami Dolphins,shoulder strain,shoulder,Low Severity,Week 13,2016,0,1,,
Micah Hyde,MH-4000,Green Bay Packers,shoulder strain,shoulder,Low Severity,Week 9,2016,0,1,,
Ryan Smith,RS-2350,Tampa Bay Buccaneers,shoulder strain,shoulder,Low Severity,Week 12,2016,1,1,,
Sean Smith,SS-1700,Oakland Raiders,shoulder strain,shoulder,Low Severity,Week 8,2016,1,2,,
Steve Smith,SS-2100,Baltimore Ravens,shoulder strain,shoulder,Low Severity,Week 11,2016,0,1,,
Tavon Austin,TA-1050,Los Angeles Rams,shoulder strain,shoulder,Low Severity,Week 3,2016,0,1,,
Terrance Williams,TW-2270,Dallas Cowboys,shoulder strain,shoulder,Low Severity,Week 5,2016,0,1,,
Torrey Smith,TS-2300,San Francisco 49Ers,shoulder strain,shoulder,Low Severity,Week 11,2016,0,1,,
Tramon Williams,TW-2700,Cleveland Browns,shoulder strain,shoulder,Low Severity,Week 3,2016,2,3,,
Tyrell Williams,TW-2875,San Diego Chargers,shoulder strain,shoulder,Low Severity,Week 12,2016,0,1,,
Jordan Reed,JR-1150,Washington Redskins,thumb contusion,thumb,Low Severity,Preseason,2016,0,0,,
Dustin Vaughan,DV-0150,,thumb fracture,thumb,Low Severity,Preseason,2016,0,0,,
Tom Brady,TB-2300,New England Patriots,thumb laceration,thumb,Low Severity,Preseason,2016,0,0,,
Jay Cutler,JC-6200,Chicago Bears,thumb sprain,thumb,Medium Severity,Week 2,2016,5,5,,
Rashad Jennings,RJ-0800,New York Giants,thumb sprain,thumb,Medium Severity,Week 2,2016,3,4,,
Will Blackmon,WB-0700,Washington Redskins,thumb sprain,thumb,Low Severity,Week 9,2016,0,1,,
David Fales,DF-0150,Chicago Bears,thumb strain,thumb,Low Severity,Week 16,2016,0,2,,
Laquon Treadwell,LT-0862,Minnesota Vikings,thumb strain,thumb,Low Severity,Week 7,2016,1,1,,
LeSean McCoy,LM-1000,Buffalo Bills,thumb strain,thumb,Low Severity,Week 11,2016,0,1,,
Orleans Darkwa,OD-0200,New York Giants,tibia fracture,tibia,Low Severity,Preseason,2016,0,0,,
Orleans Darkwa,OD-0200,New York Giants,tibia fracture,tibia,Low Severity,Week 10,2016,0,2,,
Eli Rogers,ER-0462,Pittsburgh Steelers,toe sprain,toe,Low Severity,Week 3,2016,2,2,,
Julio Jones,JJ-4700,Atlanta Falcons,toe sprain,toe,Low Severity,Week 13,2016,2,2,,
Karl Joseph,KJ-1150,Oakland Raiders,toe sprain,toe,Medium Severity,Week 13,2016,4,5,,
Latavius Murray,LM-1850,Oakland Raiders,toe sprain,toe,Low Severity,Week 4,2016,2,3,,
Corey Grant,CG-1950,Jacksonville Jaguars,toe strain,toe,Low Severity,Week 5,2016,1,1,,
Dwayne Harris,DH-1800,New York Giants,toe strain,toe,Low Severity,Week 5,2016,0,1,,
Eddie Royal,ER-0500,Chicago Bears,toe strain,toe,Medium Severity,Week 12,2016,5,5,,
Eddie Royal,ER-0500,Chicago Bears,toe strain,toe,Low Severity,Week 6,2016,2,2,,
Lamarcus Joyner,LJ-1800,Los Angeles Rams,toe strain,toe,Low Severity,Week 2,2016,0,2,,
Mark Ingram,MI-0100,New Orleans Saints,toe strain,toe,Low Severity,Week 12,2016,0,2,,
Travaris Cadet,TC-0050,New Orleans Saints,toe strain,toe,Low Severity,Week 10,2016,1,2,,
Willie Snead,WS-0925,New Orleans Saints,toe strain,toe,Low Severity,Week 2,2016,1,2,,
Tony Romo,TR-0800,Dallas Cowboys,vertebrae fracture,back,High Severity,Preseason,2016,9,10,,
Tyler Bray,TB-2550,Kansas City Chiefs,vertebrae fracture,back,Low Severity,Preseason,2016,0,0,,
Troy Niklas,TN-0550,Arizona Cardinals,wrist sprain,wrist,High Severity,Preseason,2016,16,16,,
Marcus Sherels,MS-1300,Minnesota Vikings,wrist strain,wrist,Low Severity,Week 7,2016,2,3,,
Marquise Goodwin,MG-1050,Buffalo Bills,wrist strain,wrist,Low Severity,Week 12,2016,0,1,,
Robert Turbin,RT-1950,Indianapolis Colts,wrist strain,wrist,Low Severity,Week 4,2016,1,1,,
Theo Riddick,TR-0370,Detroit Lions,wrist strain,wrist,Medium Severity,Week 13,2016,4,4,,
David Grinnage,DG-9901,,hamstring strain,,Low Severity,Preseason,2016,0,0,,
Dominique Williams,DW-3925,,concussion,,Low Severity,Preseason,2016,0,3,,
Dustin Vaughan,DV-0150,,thumb fracture,,Low Severity,Preseason,2016,0,0,,
George Farmer,GF-0050,,ankle sprain,,Low Severity,Preseason,2016,0,0,,
Jake Coker,JC-3450,,shoulder strain,,Low Severity,Preseason,2016,0,0,,
Jonas Gray,JG-3050,,quad strain,,Low Severity,Preseason,2016,0,0,,
Kenny Bell,KB-0925,,concussion,,Low Severity,Preseason,2016,0,0,,
Kenny Cook,KC-2250,,quad tear,,Low Severity,Preseason,2016,0,0,,
Marlon Brown,MB-4050,,back strain,,Low Severity,Preseason,2016,0,0,,
Mitchell Henry,MH-2350,,groin strain,,Low Severity,Preseason,2016,0,0,,
Nic Jacobs,NJ-0150,,hand fracture,,High Severity,Preseason,2016,0,0,,
Rasheed Bailey,RB-0150,,ankle sprain,,Medium Severity,Preseason,2016,0,0,,
Ronnie Hillman,RH-2350,,back contusion,,Low Severity,Preseason,2016,0,0,,
Tony Washington,TW-1075,,hamstring strain,,Low Severity,Preseason,2016,0,2,,
Trent Richardson,TR-0350,,hamstring strain,,Low Severity,Preseason,2016,0,0,,
Trent Richardson,TR-0350,,knee strain,,Medium Severity,Preseason,2016,0,0,Arthroscopic Knee Surgery,4-6 weeks
Vincent Brown,VB-0300,,calf strain,,Low Severity,Preseason,2016,0,0,,